{
    "Total Acc": [
        0.5379310344827586,
        1073
    ],
    "Total Answer Reject Rate": [
        0.11266294227188083,
        1074
    ]
}