{
    "Total Acc": [
        0.4538175046554935,
        1074
    ],
    "Total Answer Reject Rate": [
        0.11359404096834265,
        1074
    ]
}