{
    "Total Acc": [
        0.6329916123019571,
        1073
    ],
    "Total Answer Reject Rate": [
        0.07262569832402235,
        1074
    ]
}