{
    "Total Acc": [
        0.7420316868592731,
        1073
    ],
    "Total Answer Reject Rate": [
        0.013966480446927373,
        1074
    ]
}