{
    "Total Acc": [
        0.6251396648044693,
        1074
    ],
    "Total Answer Reject Rate": [
        0.01303538175046555,
        1074
    ]
}