{
    "Total Acc": [
        0.7558659217877095,
        1074
    ],
    "Total Answer Reject Rate": [
        0.020484171322160148,
        1074
    ]
}