{
    "Total Acc": [
        0.5586592178770949,
        1074
    ],
    "Total Answer Reject Rate": [
        0.0186219739292365,
        1074
    ]
}