{
    "Total Acc": [
        0.6729981378026071,
        1074
    ],
    "Total Answer Reject Rate": [
        0.08100558659217877,
        1074
    ]
}