{
    "Total Acc": [
        0.8804469273743016,
        1074
    ],
    "Total Answer Reject Rate": [
        0.0335195530726257,
        1074
    ]
}