{
    "Total Acc": [
        0.8713221601489758,
        1074
    ],
    "Total Answer Reject Rate": [
        0.035381750465549346,
        1074
    ]
}