{
    "Total Acc": [
        0.7497206703910615,
        1074
    ],
    "Total Answer Reject Rate": [
        0.01675977653631285,
        1074
    ]
}