{
    "Total Acc": [
        0.2757462686567164,
        1072
    ],
    "Total Answer Reject Rate": [
        0.048417132216014895,
        1074
    ]
}