{
    "Total Acc": [
        0.5293569431500466,
        1073
    ],
    "Total Answer Reject Rate": [
        0.12197392923649907,
        1074
    ]
}