{
    "Total Acc": [
        0.5670766319772942,
        1057
    ],
    "Total Answer Reject Rate": [
        0.05307262569832402,
        1074
    ]
}