{
    "Total Acc": [
        0.7268109125117592,
        1063
    ],
    "Total Answer Reject Rate": [
        0.04189944134078212,
        1074
    ]
}