{
    "Total Acc": [
        0.7122905027932961,
        1074
    ],
    "Total Answer Reject Rate": [
        0.10521415270018622,
        1074
    ]
}