{
    "Total Acc": [
        0.7548928238583411,
        1073
    ],
    "Total Answer Reject Rate": [
        0.051210428305400374,
        1074
    ]
}