{
    "Total Acc": [
        0.8914338919925512,
        1074
    ],
    "Total Answer Reject Rate": [
        0.051210428305400374,
        1074
    ]
}