{
    "Total Acc": [
        0.14469273743016758,
        1074
    ],
    "Total Answer Reject Rate": [
        0.028864059590316574,
        1074
    ]
}