{
    "Total Acc": [
        0.8299065420560747,
        1070
    ],
    "Total Answer Reject Rate": [
        0.030726256983240222,
        1074
    ]
}