{
    "Total Acc": [
        0.3409005628517824,
        1066
    ],
    "Total Answer Reject Rate": [
        0.11638733705772812,
        1074
    ]
}