{
    "Total Acc": [
        0.2746741154562384,
        1074
    ],
    "Total Answer Reject Rate": [
        0.31564245810055863,
        1074
    ]
}