{
    "Total Acc": [
        0.24097287184284377,
        1069
    ],
    "Total Answer Reject Rate": [
        0.0931098696461825,
        1074
    ]
}