{
    "Total Acc": [
        0.2180633147113594,
        1074
    ],
    "Total Answer Reject Rate": [
        0.29702048417132215,
        1074
    ]
}