{
    "Total Acc": [
        0.7972067039106145,
        1074
    ],
    "Total Answer Reject Rate": [
        0.07076350093109869,
        1074
    ]
}