{
    "Total Acc": [
        0.851071761416589,
        1073
    ],
    "Total Answer Reject Rate": [
        0.037243947858473,
        1074
    ]
}