{
    "Total Acc": [
        0.6341559723593287,
        1013
    ],
    "Total Answer Reject Rate": [
        0.06610800744878957,
        1074
    ]
}