{
    "Total Acc": [
        0.8440709617180205,
        1071
    ],
    "Total Answer Reject Rate": [
        0.04003724394785847,
        1074
    ]
}