{
    "Total Acc": [
        0.7960893854748603,
        1074
    ],
    "Total Answer Reject Rate": [
        0.036312849162011177,
        1074
    ]
}