{
    "Total Acc": [
        0.737406015037594,
        1064
    ],
    "Total Answer Reject Rate": [
        0.040968342644320296,
        1074
    ]
}