{
    "Total Acc": [
        0.8320297951582868,
        1074
    ],
    "Total Answer Reject Rate": [
        0.035381750465549346,
        1074
    ]
}