{
    "Total Acc": [
        0.4619981325863679,
        1071
    ],
    "Total Answer Reject Rate": [
        0.04003724394785847,
        1074
    ]
}