{
    "Total Acc": [
        0.7668219944082013,
        1073
    ],
    "Total Answer Reject Rate": [
        0.019553072625698324,
        1074
    ]
}