{
    "Total Acc": [
        0.8145386766076421,
        1073
    ],
    "Total Answer Reject Rate": [
        0.043761638733705775,
        1074
    ]
}