{
    "Total Acc": [
        0.5383240223463687,
        895
    ],
    "Total Answer Reject Rate": [
        0.19366852886405958,
        1074
    ]
}