{
    "Total Acc": [
        0.7240671641791044,
        1072
    ],
    "Total Answer Reject Rate": [
        0.11359404096834265,
        1074
    ]
}