{
    "Total Acc": [
        0.8250467289719626,
        1070
    ],
    "Total Answer Reject Rate": [
        0.035381750465549346,
        1074
    ]
}