{
    "Total Acc": [
        0.10400745573159366,
        1073
    ],
    "Total Answer Reject Rate": [
        0.17970204841713222,
        1074
    ]
}