{
    "Total Acc": [
        0.6366852886405959,
        1074
    ],
    "Total Answer Reject Rate": [
        0.0148975791433892,
        1074
    ]
}