{
    "Total Acc": [
        0.8573556797020484,
        1074
    ],
    "Total Answer Reject Rate": [
        0.04655493482309125,
        1074
    ]
}