{
    "Total Acc": [
        0.4506517690875233,
        1074
    ],
    "Total Answer Reject Rate": [
        0.11731843575418995,
        1074
    ]
}