{
    "Total Acc": [
        0.8445065176908753,
        1074
    ],
    "Total Answer Reject Rate": [
        0.07635009310986965,
        1074
    ]
}