{
    "Total Acc": [
        0.20149114631873252,
        1073
    ],
    "Total Answer Reject Rate": [
        0.6620111731843575,
        1074
    ]
}