{
    "Total Acc": [
        0.20670391061452514,
        1074
    ],
    "Total Answer Reject Rate": [
        0.6620111731843575,
        1074
    ]
}