{
    "Total Acc": [
        0.3573556797020484,
        1074
    ],
    "Total Answer Reject Rate": [
        0.08752327746741155,
        1074
    ]
}