{
    "Total Acc": [
        0.5582867783985103,
        1074
    ],
    "Total Answer Reject Rate": [
        0.06424581005586592,
        1074
    ]
}