{
    "Total Acc": [
        0.30931098696461823,
        1074
    ],
    "Total Answer Reject Rate": [
        0.17783985102420857,
        1074
    ]
}