{
    "Total Acc": [
        0.20353817504655494,
        1074
    ],
    "Total Answer Reject Rate": [
        0.6610800744878957,
        1074
    ]
}