{
    "Total Acc": [
        0.1739292364990689,
        1074
    ],
    "Total Answer Reject Rate": [
        0.6824953445065177,
        1074
    ]
}