{
    "Total Acc": [
        0.5538461538461539,
        1066
    ],
    "Total Answer Reject Rate": [
        0.0893854748603352,
        1074
    ]
}