{
    "Total Acc": [
        0.5316573556797021,
        1074
    ],
    "Total Answer Reject Rate": [
        0.21973929236499068,
        1074
    ]
}