{
    "Total Acc": [
        0.6121268656716418,
        1072
    ],
    "Total Answer Reject Rate": [
        0.06238361266294227,
        1074
    ]
}