{
    "Total Acc": [
        0.5420856610800745,
        1074
    ],
    "Total Answer Reject Rate": [
        0.164804469273743,
        1074
    ]
}