{
    "Total Acc": [
        0.6003731343283583,
        1072
    ],
    "Total Answer Reject Rate": [
        0.07914338919925512,
        1074
    ]
}