{
    "Total Acc": [
        0.30951492537313435,
        1072
    ],
    "Total Answer Reject Rate": [
        0.14059590316573556,
        1074
    ]
}