{
    "Total Acc": [
        0.6111731843575419,
        1074
    ],
    "Total Answer Reject Rate": [
        0.04748603351955307,
        1074
    ]
}