{
    "Total Acc": [
        0.5381750465549349,
        1074
    ],
    "Total Answer Reject Rate": [
        0.16294227188081936,
        1074
    ]
}