{
    "Total Acc": [
        0.41508379888268154,
        1074
    ],
    "Total Answer Reject Rate": [
        0.11824953445065177,
        1074
    ]
}