{
    "Total Acc": [
        0.4527001862197393,
        1074
    ],
    "Total Answer Reject Rate": [
        0.2709497206703911,
        1074
    ]
}