{
    "Total Acc": [
        0.4544268406337372,
        1073
    ],
    "Total Answer Reject Rate": [
        0.10800744878957169,
        1074
    ]
}