{
    "Total Acc": [
        0.571883786316776,
        1067
    ],
    "Total Answer Reject Rate": [
        0.08100558659217877,
        1074
    ]
}