{
    "Total Acc": [
        0.43910614525139663,
        1074
    ],
    "Total Answer Reject Rate": [
        0.1154562383612663,
        1074
    ]
}