{
    "Total Acc": [
        0.502048417132216,
        1074
    ],
    "Total Answer Reject Rate": [
        0.17225325884543763,
        1074
    ]
}