{
    "Total Acc": [
        0.5828677839851024,
        1074
    ],
    "Total Answer Reject Rate": [
        0.0446927374301676,
        1074
    ]
}