{
    "Total Acc": [
        0.417910447761194,
        1072
    ],
    "Total Answer Reject Rate": [
        0.12290502793296089,
        1074
    ]
}