{
    "Total Acc": [
        0.41154562383612664,
        1074
    ],
    "Total Answer Reject Rate": [
        0.2718808193668529,
        1074
    ]
}