{
    "Total Acc": [
        0.6256983240223464,
        1074
    ],
    "Total Answer Reject Rate": [
        0.08193668528864059,
        1074
    ]
}