{
    "Total Acc": [
        0.5139097744360902,
        1064
    ],
    "Total Answer Reject Rate": [
        0.10614525139664804,
        1074
    ]
}