{
    "Total Acc": [
        0.5782122905027933,
        1074
    ],
    "Total Answer Reject Rate": [
        0.04748603351955307,
        1074
    ]
}