{
    "Total Acc": [
        0.4031657355679702,
        1074
    ],
    "Total Answer Reject Rate": [
        0.12290502793296089,
        1074
    ]
}