{
    "Total Acc": [
        0.637243947858473,
        1074
    ],
    "Total Answer Reject Rate": [
        0.074487895716946,
        1074
    ]
}