{
    "Total Acc": [
        0.5350746268656716,
        1072
    ],
    "Total Answer Reject Rate": [
        0.22160148975791433,
        1074
    ]
}