{
    "Total Acc": [
        0.6063314711359404,
        1074
    ],
    "Total Answer Reject Rate": [
        0.043761638733705775,
        1074
    ]
}