{
    "Total Acc": [
        0.6109125117591722,
        1063
    ],
    "Total Answer Reject Rate": [
        0.0595903165735568,
        1074
    ]
}