{
    "Total Acc": [
        0.6158286778398511,
        1074
    ],
    "Total Answer Reject Rate": [
        0.09124767225325885,
        1074
    ]
}