{
    "Total Acc": [
        0.3804469273743017,
        1074
    ],
    "Total Answer Reject Rate": [
        0.1387337057728119,
        1074
    ]
}