{
    "Total Acc": [
        0.23075489282385833,
        1073
    ],
    "Total Answer Reject Rate": [
        0.5651769087523277,
        1074
    ]
}