{
    "Total Acc": [
        0.37854477611940296,
        1072
    ],
    "Total Answer Reject Rate": [
        0.12011173184357542,
        1074
    ]
}