{
    "Total Acc": [
        0.25493482309124765,
        1074
    ],
    "Total Answer Reject Rate": [
        0.5577281191806331,
        1074
    ]
}