{
    "Total Acc": [
        0.5735567970204841,
        1074
    ],
    "Total Answer Reject Rate": [
        0.11638733705772812,
        1074
    ]
}