{
    "Total Acc": [
        0.525512104283054,
        1074
    ],
    "Total Answer Reject Rate": [
        0.22532588454376165,
        1074
    ]
}