{
    "Total Acc": [
        0.5867298578199052,
        1055
    ],
    "Total Answer Reject Rate": [
        0.07262569832402235,
        1074
    ]
}