{
    "Total Acc": [
        0.6240223463687151,
        1074
    ],
    "Total Answer Reject Rate": [
        0.08100558659217877,
        1074
    ]
}