{
    "Total Acc": [
        0.2587138863000932,
        1073
    ],
    "Total Answer Reject Rate": [
        0.15176908752327747,
        1074
    ]
}