{
    "Total Acc": [
        0.5335195530726257,
        1074
    ],
    "Total Answer Reject Rate": [
        0.16759776536312848,
        1074
    ]
}