{
    "Total Acc": [
        0.14674115456238362,
        1074
    ],
    "Total Answer Reject Rate": [
        0.7132216014897579,
        1074
    ]
}