{
    "Total Acc": [
        0.4729981378026071,
        1074
    ],
    "Total Answer Reject Rate": [
        0.16945996275605213,
        1074
    ]
}