{
    "Total Acc": [
        0.537243947858473,
        1074
    ],
    "Total Answer Reject Rate": [
        0.1685288640595903,
        1074
    ]
}