{
    "Total Acc": [
        0.20204841713221602,
        1074
    ],
    "Total Answer Reject Rate": [
        0.6554934823091247,
        1074
    ]
}