{
    "Total Acc": [
        0.20707635009310987,
        1074
    ],
    "Total Answer Reject Rate": [
        0.664804469273743,
        1074
    ]
}