{
    "Total Acc": [
        0.5560521415270019,
        1074
    ],
    "Total Answer Reject Rate": [
        0.1685288640595903,
        1074
    ]
}