{
    "Total Acc": [
        0.16256983240223463,
        1074
    ],
    "Total Answer Reject Rate": [
        0.6983240223463687,
        1074
    ]
}