{
    "Total Acc": [
        0.5499068901303538,
        1074
    ],
    "Total Answer Reject Rate": [
        0.1601489757914339,
        1074
    ]
}