{
    "Total Acc": [
        0.12625698324022347,
        1074
    ],
    "Total Answer Reject Rate": [
        0.7216014897579144,
        1074
    ]
}