{
    "Total Acc": [
        0.20595903165735568,
        1074
    ],
    "Total Answer Reject Rate": [
        0.6554934823091247,
        1074
    ]
}