{
    "Total Acc": [
        0.5385474860335195,
        1074
    ],
    "Total Answer Reject Rate": [
        0.1750465549348231,
        1074
    ]
}