{
    "Total Acc": [
        0.5778398510242085,
        1074
    ],
    "Total Answer Reject Rate": [
        0.16201117318435754,
        1074
    ]
}