{
    "Total Acc": [
        0.15102420856610801,
        1074
    ],
    "Total Answer Reject Rate": [
        0.6945996275605214,
        1074
    ]
}