{
    "Total Acc": [
        0.5337057728119181,
        1074
    ],
    "Total Answer Reject Rate": [
        0.16387337057728119,
        1074
    ]
}