{
    "Total Acc": [
        0.1957169459962756,
        1074
    ],
    "Total Answer Reject Rate": [
        0.6731843575418994,
        1074
    ]
}