{
    "Total Acc": [
        0.20595903165735568,
        1074
    ],
    "Total Answer Reject Rate": [
        0.6564245810055865,
        1074
    ]
}