{
    "Total Acc": [
        0.2080074487895717,
        1074
    ],
    "Total Answer Reject Rate": [
        0.6620111731843575,
        1074
    ]
}