{
    "Total Acc": [
        0.3782122905027933,
        1074
    ],
    "Total Answer Reject Rate": [
        0.22625698324022347,
        1074
    ]
}