{
    "Total Acc": [
        0.19981378026070765,
        1074
    ],
    "Total Answer Reject Rate": [
        0.6629422718808193,
        1074
    ]
}