{
    "Total Acc": [
        0.1945996275605214,
        1074
    ],
    "Total Answer Reject Rate": [
        0.6675977653631285,
        1074
    ]
}