{
    "Total Acc": [
        0.20279329608938548,
        1074
    ],
    "Total Answer Reject Rate": [
        0.6675977653631285,
        1074
    ]
}