{
    "Total Acc": [
        0.21527001862197392,
        1074
    ],
    "Total Answer Reject Rate": [
        0.654562383612663,
        1074
    ]
}