{
    "Total Acc": [
        0.1776536312849162,
        1074
    ],
    "Total Answer Reject Rate": [
        0.6834264432029795,
        1074
    ]
}