{
    "Total Acc": [
        0.28975791433891995,
        1074
    ],
    "Total Answer Reject Rate": [
        0.20949720670391062,
        1074
    ]
}