{
    "Total Acc": [
        0.5687150837988827,
        1074
    ],
    "Total Answer Reject Rate": [
        0.16387337057728119,
        1074
    ]
}