{
    "Total Acc": [
        0.27057728119180635,
        1074
    ],
    "Total Answer Reject Rate": [
        0.4934823091247672,
        1074
    ]
}