{
    "Total Acc": [
        0.5422180801491147,
        1073
    ],
    "Total Answer Reject Rate": [
        0.16573556797020483,
        1074
    ]
}