{
    "Total Acc": [
        0.19925512104283055,
        1074
    ],
    "Total Answer Reject Rate": [
        0.660148975791434,
        1074
    ]
}