{
    "Total Acc": [
        0.2068901303538175,
        1074
    ],
    "Total Answer Reject Rate": [
        0.660148975791434,
        1074
    ]
}