{
    "Total Acc": [
        0.5212347988774556,
        1069
    ],
    "Total Answer Reject Rate": [
        0.15549348230912477,
        1074
    ]
}