{
    "Total Acc": [
        0.2054003724394786,
        1074
    ],
    "Total Answer Reject Rate": [
        0.6582867783985102,
        1074
    ]
}