{
    "Total Acc": [
        0.57243947858473,
        1074
    ],
    "Total Answer Reject Rate": [
        0.15828677839851024,
        1074
    ]
}