{
    "Total Acc": [
        0.5761638733705773,
        1074
    ],
    "Total Answer Reject Rate": [
        0.16201117318435754,
        1074
    ]
}