{
    "Total Acc": [
        0.38119180633147115,
        1074
    ],
    "Total Answer Reject Rate": [
        0.19553072625698323,
        1074
    ]
}