{
    "Total Acc": [
        0.21601489757914338,
        1074
    ],
    "Total Answer Reject Rate": [
        0.6517690875232774,
        1074
    ]
}