{
    "Total Acc": [
        0.15605214152700186,
        1074
    ],
    "Total Answer Reject Rate": [
        0.702048417132216,
        1074
    ]
}