{
    "Total Acc": [
        0.557169459962756,
        1074
    ],
    "Total Answer Reject Rate": [
        0.16666666666666666,
        1074
    ]
}