{
    "Total Acc": [
        0.20446927374301677,
        1074
    ],
    "Total Answer Reject Rate": [
        0.6573556797020484,
        1074
    ]
}