{
    "Total Acc": [
        0.578584729981378,
        1074
    ],
    "Total Answer Reject Rate": [
        0.1685288640595903,
        1074
    ]
}