{
    "Total Acc": [
        0.556610800744879,
        1074
    ],
    "Total Answer Reject Rate": [
        0.1564245810055866,
        1074
    ]
}