{
    "Total Acc": [
        0.5919925512104283,
        1074
    ],
    "Total Answer Reject Rate": [
        0.15828677839851024,
        1074
    ]
}