{
    "Total Acc": [
        0.21247672253258845,
        1074
    ],
    "Total Answer Reject Rate": [
        0.6564245810055865,
        1074
    ]
}