{
    "Total Acc": [
        0.5616387337057728,
        1074
    ],
    "Total Answer Reject Rate": [
        0.15828677839851024,
        1074
    ]
}