{
    "Total Acc": [
        0.12830540037243948,
        1074
    ],
    "Total Answer Reject Rate": [
        0.7476722532588455,
        1074
    ]
}