{
    "Total Acc": [
        0.36834264432029795,
        1074
    ],
    "Total Answer Reject Rate": [
        0.22346368715083798,
        1074
    ]
}