{
    "Total Acc": [
        0.6925512104283054,
        1074
    ],
    "Total Answer Reject Rate": [
        0.12569832402234637,
        1074
    ]
}