{
    "Total Acc": [
        0.7398510242085661,
        1074
    ],
    "Total Answer Reject Rate": [
        0.11824953445065177,
        1074
    ]
}