{
    "Total Acc": [
        0.44692737430167595,
        1074
    ],
    "Total Answer Reject Rate": [
        0.037243947858473,
        1074
    ]
}