{
    "Total Acc": [
        0.2868592730661696,
        1073
    ],
    "Total Answer Reject Rate": [
        0.3500931098696462,
        1074
    ]
}