{
    "Total Acc": [
        0.6271880819366853,
        1074
    ],
    "Total Answer Reject Rate": [
        0.07169459962756052,
        1074
    ]
}