{
    "Total Acc": [
        0.4210428305400372,
        1074
    ],
    "Total Answer Reject Rate": [
        0.26908752327746743,
        1074
    ]
}