{
    "Total Acc": [
        0.7852886405959032,
        1074
    ],
    "Total Answer Reject Rate": [
        0.030726256983240222,
        1074
    ]
}