{
    "Total Acc": [
        0.47150837988826816,
        1074
    ],
    "Total Answer Reject Rate": [
        0.313780260707635,
        1074
    ]
}