{
    "Total Acc": [
        0.49664804469273743,
        1074
    ],
    "Total Answer Reject Rate": [
        0.04562383612662942,
        1074
    ]
}