{
    "Total Acc": [
        0.7331471135940409,
        1074
    ],
    "Total Answer Reject Rate": [
        0.10335195530726257,
        1074
    ]
}