{
    "Total Acc": [
        0.7184357541899441,
        1074
    ],
    "Total Answer Reject Rate": [
        0.1378026070763501,
        1074
    ]
}