{
    "Total Acc": [
        0.8029795158286779,
        1074
    ],
    "Total Answer Reject Rate": [
        0.030726256983240222,
        1074
    ]
}