{
    "Total Acc": [
        0.7054986020503262,
        1073
    ],
    "Total Answer Reject Rate": [
        0.14804469273743018,
        1074
    ]
}