{
    "Total Acc": [
        0.8184357541899442,
        1074
    ],
    "Total Answer Reject Rate": [
        0.04189944134078212,
        1074
    ]
}