{
    "Total Acc": [
        0.4011173184357542,
        1074
    ],
    "Total Answer Reject Rate": [
        0.3845437616387337,
        1074
    ]
}