{
    "Total Acc": [
        0.6945996275605214,
        1074
    ],
    "Total Answer Reject Rate": [
        0.15176908752327747,
        1074
    ]
}