{
    "Total Acc": [
        0.582122905027933,
        1074
    ],
    "Total Answer Reject Rate": [
        0.28677839851024206,
        1074
    ]
}