{
    "Total Acc": [
        0.5949720670391061,
        1074
    ],
    "Total Answer Reject Rate": [
        0.04655493482309125,
        1074
    ]
}