{
    "Total Acc": [
        0.815828677839851,
        1074
    ],
    "Total Answer Reject Rate": [
        0.032588454376163874,
        1074
    ]
}