{
    "Total Acc": [
        0.8059590316573557,
        1074
    ],
    "Total Answer Reject Rate": [
        0.027932960893854747,
        1074
    ]
}