{
    "Total Acc": [
        0.7180633147113594,
        1074
    ],
    "Total Answer Reject Rate": [
        0.14432029795158285,
        1074
    ]
}