{
    "Total Acc": [
        0.8307262569832402,
        1074
    ],
    "Total Answer Reject Rate": [
        0.0335195530726257,
        1074
    ]
}