{
    "Total Acc": [
        0.28853681267474374,
        1073
    ],
    "Total Answer Reject Rate": [
        0.35567970204841715,
        1074
    ]
}