{
    "Total Acc": [
        0.7417132216014898,
        1074
    ],
    "Total Answer Reject Rate": [
        0.03910614525139665,
        1074
    ]
}