{
    "Total Acc": [
        0.5746741154562384,
        1074
    ],
    "Total Answer Reject Rate": [
        0.2504655493482309,
        1074
    ]
}