{
    "Total Acc": [
        0.7916201117318435,
        1074
    ],
    "Total Answer Reject Rate": [
        0.027001862197392923,
        1074
    ]
}