{
    "Total Acc": [
        0.7121042830540038,
        1074
    ],
    "Total Answer Reject Rate": [
        0.15176908752327747,
        1074
    ]
}