{
    "Total Acc": [
        0.7973929236499069,
        1074
    ],
    "Total Answer Reject Rate": [
        0.03445065176908752,
        1074
    ]
}