{
    "Total Acc": [
        0.7392923649906891,
        1074
    ],
    "Total Answer Reject Rate": [
        0.030726256983240222,
        1074
    ]
}