{
    "Total Acc": [
        0.5273743016759777,
        1074
    ],
    "Total Answer Reject Rate": [
        0.021415270018621976,
        1074
    ]
}