{
    "Total Acc": [
        0.8132216014897579,
        1074
    ],
    "Total Answer Reject Rate": [
        0.028864059590316574,
        1074
    ]
}