{
    "Total Acc": [
        0.821973929236499,
        1074
    ],
    "Total Answer Reject Rate": [
        0.036312849162011177,
        1074
    ]
}