{
    "Total Acc": [
        0.2946877912395154,
        1073
    ],
    "Total Answer Reject Rate": [
        0.39385474860335196,
        1074
    ]
}