{
    "Total Acc": [
        0.7097856477166822,
        1073
    ],
    "Total Answer Reject Rate": [
        0.15735567970204842,
        1074
    ]
}