{
    "Total Acc": [
        0.7532588454376163,
        1074
    ],
    "Total Answer Reject Rate": [
        0.037243947858473,
        1074
    ]
}