{
    "Total Acc": [
        0.6579143389199256,
        1074
    ],
    "Total Answer Reject Rate": [
        0.14804469273743018,
        1074
    ]
}