{
    "Total Acc": [
        0.6752327746741155,
        1074
    ],
    "Total Answer Reject Rate": [
        0.16201117318435754,
        1074
    ]
}