{
    "Total Acc": [
        0.425512104283054,
        1074
    ],
    "Total Answer Reject Rate": [
        0.043761638733705775,
        1074
    ]
}