{
    "Total Acc": [
        0.7513966480446927,
        1074
    ],
    "Total Answer Reject Rate": [
        0.12104283054003724,
        1074
    ]
}