{
    "Total Acc": [
        0.8007448789571695,
        1074
    ],
    "Total Answer Reject Rate": [
        0.03445065176908752,
        1074
    ]
}