{
    "Total Acc": [
        0.7435228331780056,
        1073
    ],
    "Total Answer Reject Rate": [
        0.08193668528864059,
        1074
    ]
}