{
    "Total Acc": [
        0.8364990689013035,
        1074
    ],
    "Total Answer Reject Rate": [
        0.0260707635009311,
        1074
    ]
}