{
    "Total Acc": [
        0.7783985102420856,
        1074
    ],
    "Total Answer Reject Rate": [
        0.038175046554934824,
        1074
    ]
}