{
    "Total Acc": [
        0.7288640595903165,
        1074
    ],
    "Total Answer Reject Rate": [
        0.11266294227188083,
        1074
    ]
}