{
    "Total Acc": [
        0.6212290502793296,
        1074
    ],
    "Total Answer Reject Rate": [
        0.22998137802607077,
        1074
    ]
}