{
    "Total Acc": [
        0.5402234636871508,
        1074
    ],
    "Total Answer Reject Rate": [
        0.313780260707635,
        1074
    ]
}