{
    "Total Acc": [
        0.8117318435754189,
        1074
    ],
    "Total Answer Reject Rate": [
        0.03165735567970205,
        1074
    ]
}