{
    "Total Acc": [
        0.5398510242085661,
        1074
    ],
    "Total Answer Reject Rate": [
        0.25884543761638734,
        1074
    ]
}