{
    "Total Acc": [
        0.48182665424044735,
        1073
    ],
    "Total Answer Reject Rate": [
        0.05027932960893855,
        1074
    ]
}