{
    "Total Acc": [
        0.7227188081936685,
        1074
    ],
    "Total Answer Reject Rate": [
        0.10800744878957169,
        1074
    ]
}