{
    "Total Acc": [
        0.7195530726256983,
        1074
    ],
    "Total Answer Reject Rate": [
        0.13500931098696461,
        1074
    ]
}