{
    "Total Acc": [
        0.6834264432029795,
        1074
    ],
    "Total Answer Reject Rate": [
        0.16945996275605213,
        1074
    ]
}