{
    "Total Acc": [
        0.6986964618249535,
        1074
    ],
    "Total Answer Reject Rate": [
        0.1601489757914339,
        1074
    ]
}