{
    "Total Acc": [
        0.7209692451071762,
        1073
    ],
    "Total Answer Reject Rate": [
        0.10986964618249534,
        1074
    ]
}