{
    "Total Acc": [
        0.7258845437616387,
        1074
    ],
    "Total Answer Reject Rate": [
        0.12383612662942271,
        1074
    ]
}