{
    "Total Acc": [
        0.7960893854748603,
        1074
    ],
    "Total Answer Reject Rate": [
        0.0260707635009311,
        1074
    ]
}