{
    "Total Acc": [
        0.8052141527001863,
        1074
    ],
    "Total Answer Reject Rate": [
        0.0297951582867784,
        1074
    ]
}