{
    "Total Acc": [
        0.7096834264432029,
        1074
    ],
    "Total Answer Reject Rate": [
        0.15176908752327747,
        1074
    ]
}