{
    "Total Acc": [
        0.6702048417132216,
        1074
    ],
    "Total Answer Reject Rate": [
        0.030726256983240222,
        1074
    ]
}