{
    "Total Acc": [
        0.8355679702048417,
        1074
    ],
    "Total Answer Reject Rate": [
        0.0260707635009311,
        1074
    ]
}