{
    "Total Acc": [
        0.725512104283054,
        1074
    ],
    "Total Answer Reject Rate": [
        0.13687150837988826,
        1074
    ]
}