{
    "Total Acc": [
        0.7858472998137802,
        1074
    ],
    "Total Answer Reject Rate": [
        0.0260707635009311,
        1074
    ]
}