{
    "Total Acc": [
        0.8078212290502793,
        1074
    ],
    "Total Answer Reject Rate": [
        0.038175046554934824,
        1074
    ]
}