{
    "Total Acc": [
        0.6180633147113594,
        1074
    ],
    "Total Answer Reject Rate": [
        0.040968342644320296,
        1074
    ]
}