{
    "Total Acc": [
        0.6728119180633148,
        1074
    ],
    "Total Answer Reject Rate": [
        0.1750465549348231,
        1074
    ]
}