{
    "Total Acc": [
        0.44529356943150045,
        1073
    ],
    "Total Answer Reject Rate": [
        0.23184357541899442,
        1074
    ]
}