{
    "Total Acc": [
        0.7722532588454376,
        1074
    ],
    "Total Answer Reject Rate": [
        0.049348230912476726,
        1074
    ]
}