{
    "Total Acc": [
        0.7052141527001862,
        1074
    ],
    "Total Answer Reject Rate": [
        0.14618249534450653,
        1074
    ]
}