{
    "Total Acc": [
        0.7270018621973929,
        1074
    ],
    "Total Answer Reject Rate": [
        0.032588454376163874,
        1074
    ]
}