{
    "Total Acc": [
        0.704096834264432,
        1074
    ],
    "Total Answer Reject Rate": [
        0.15549348230912477,
        1074
    ]
}