{
    "Total Acc": [
        0.423463687150838,
        1074
    ],
    "Total Answer Reject Rate": [
        0.035381750465549346,
        1074
    ]
}