{
    "Total Acc": [
        0.6409683426443203,
        1074
    ],
    "Total Answer Reject Rate": [
        0.16294227188081936,
        1074
    ]
}