{
    "Total Acc": [
        0.7761638733705772,
        1074
    ],
    "Total Answer Reject Rate": [
        0.027932960893854747,
        1074
    ]
}