{
    "Total Acc": [
        0.7175046554934823,
        1074
    ],
    "Total Answer Reject Rate": [
        0.04003724394785847,
        1074
    ]
}