{
    "Total Acc": [
        0.7860335195530727,
        1074
    ],
    "Total Answer Reject Rate": [
        0.03445065176908752,
        1074
    ]
}