{
    "Total Acc": [
        0.7048417132216015,
        1074
    ],
    "Total Answer Reject Rate": [
        0.13128491620111732,
        1074
    ]
}