{
    "Total Acc": [
        0.7631284916201118,
        1074
    ],
    "Total Answer Reject Rate": [
        0.040968342644320296,
        1074
    ]
}