{
    "Total Acc": [
        0.8232774674115456,
        1074
    ],
    "Total Answer Reject Rate": [
        0.0297951582867784,
        1074
    ]
}