{
    "Total Acc": [
        0.8197392923649907,
        1074
    ],
    "Total Answer Reject Rate": [
        0.03165735567970205,
        1074
    ]
}