{
    "Total Acc": [
        0.8294227188081936,
        1074
    ],
    "Total Answer Reject Rate": [
        0.028864059590316574,
        1074
    ]
}