{
    "Total Acc": [
        0.7039106145251397,
        1074
    ],
    "Total Answer Reject Rate": [
        0.12290502793296089,
        1074
    ]
}