{
    "Total Acc": [
        0.6992551210428305,
        1074
    ],
    "Total Answer Reject Rate": [
        0.16759776536312848,
        1074
    ]
}