{
    "Total Acc": [
        0.6441340782122905,
        1074
    ],
    "Total Answer Reject Rate": [
        0.18994413407821228,
        1074
    ]
}