{
    "Total Acc": [
        0.5854748603351956,
        1074
    ],
    "Total Answer Reject Rate": [
        0.03165735567970205,
        1074
    ]
}