{
    "Total Acc": [
        0.7368715083798882,
        1074
    ],
    "Total Answer Reject Rate": [
        0.11731843575418995,
        1074
    ]
}