{
    "Total Acc": [
        0.8346368715083798,
        1074
    ],
    "Total Answer Reject Rate": [
        0.01675977653631285,
        1074
    ]
}