{
    "Total Acc": [
        0.8029795158286779,
        1074
    ],
    "Total Answer Reject Rate": [
        0.0595903165735568,
        1074
    ]
}