{
    "Total Acc": [
        0.43482309124767227,
        1074
    ],
    "Total Answer Reject Rate": [
        0.35567970204841715,
        1074
    ]
}