{
    "Total Acc": [
        0.8327746741154562,
        1074
    ],
    "Total Answer Reject Rate": [
        0.028864059590316574,
        1074
    ]
}