{
    "Total Acc": [
        0.762756052141527,
        1074
    ],
    "Total Answer Reject Rate": [
        0.025139664804469275,
        1074
    ]
}