{
    "Total Acc": [
        0.7249534450651769,
        1074
    ],
    "Total Answer Reject Rate": [
        0.12011173184357542,
        1074
    ]
}