{
    "Total Acc": [
        0.7992551210428306,
        1074
    ],
    "Total Answer Reject Rate": [
        0.03910614525139665,
        1074
    ]
}