{
    "Total Acc": [
        0.7528864059590317,
        1074
    ],
    "Total Answer Reject Rate": [
        0.027932960893854747,
        1074
    ]
}