{
    "Total Acc": [
        0.668901303538175,
        1074
    ],
    "Total Answer Reject Rate": [
        0.0335195530726257,
        1074
    ]
}