{
    "Total Acc": [
        0.7059590316573556,
        1074
    ],
    "Total Answer Reject Rate": [
        0.1527001862197393,
        1074
    ]
}