{
    "Total Acc": [
        0.7169459962756052,
        1074
    ],
    "Total Answer Reject Rate": [
        0.13500931098696461,
        1074
    ]
}