{
    "Total Acc": [
        0.8044692737430168,
        1074
    ],
    "Total Answer Reject Rate": [
        0.03445065176908752,
        1074
    ]
}