{
    "Total Acc": [
        0.741340782122905,
        1074
    ],
    "Total Answer Reject Rate": [
        0.10800744878957169,
        1074
    ]
}