{
    "Total Acc": [
        0.7108007448789572,
        1074
    ],
    "Total Answer Reject Rate": [
        0.1154562383612663,
        1074
    ]
}