{
    "Total Acc": [
        0.7802607076350093,
        1074
    ],
    "Total Answer Reject Rate": [
        0.0260707635009311,
        1074
    ]
}