{
    "Total Acc": [
        0.7482309124767226,
        1074
    ],
    "Total Answer Reject Rate": [
        0.09590316573556797,
        1074
    ]
}