{
    "Total Acc": [
        0.7629422718808193,
        1074
    ],
    "Total Answer Reject Rate": [
        0.027932960893854747,
        1074
    ]
}