{
    "Total Acc": [
        0.7467411545623837,
        1074
    ],
    "Total Answer Reject Rate": [
        0.04562383612662942,
        1074
    ]
}