{
    "Total Acc": [
        0.3765144454799627,
        1073
    ],
    "Total Answer Reject Rate": [
        0.3333333333333333,
        1074
    ]
}