{
    "Total Acc": [
        0.6091247672253259,
        1074
    ],
    "Total Answer Reject Rate": [
        0.23649906890130354,
        1074
    ]
}