{
    "Total Acc": [
        0.6825722273998136,
        1073
    ],
    "Total Answer Reject Rate": [
        0.1908752327746741,
        1074
    ]
}