{
    "Total Acc": [
        0.6487895716945996,
        1074
    ],
    "Total Answer Reject Rate": [
        0.18063314711359404,
        1074
    ]
}