{
    "Total Acc": [
        0.8268156424581006,
        1074
    ],
    "Total Answer Reject Rate": [
        0.04283054003724395,
        1074
    ]
}