{
    "Total Acc": [
        0.6556797020484171,
        1074
    ],
    "Total Answer Reject Rate": [
        0.20297951582867785,
        1074
    ]
}