{
    "Total Acc": [
        0.8176908752327747,
        1074
    ],
    "Total Answer Reject Rate": [
        0.0297951582867784,
        1074
    ]
}