{
    "Total Acc": [
        0.5834264432029795,
        1074
    ],
    "Total Answer Reject Rate": [
        0.26629422718808193,
        1074
    ]
}