{
    "Total Acc": [
        0.7808193668528864,
        1074
    ],
    "Total Answer Reject Rate": [
        0.07262569832402235,
        1074
    ]
}