{
    "Total Acc": [
        0.8052141527001863,
        1074
    ],
    "Total Answer Reject Rate": [
        0.030726256983240222,
        1074
    ]
}