{
    "Total Acc": [
        0.5934823091247672,
        1074
    ],
    "Total Answer Reject Rate": [
        0.0335195530726257,
        1074
    ]
}