{
    "Total Acc": [
        0.8072625698324022,
        1074
    ],
    "Total Answer Reject Rate": [
        0.03445065176908752,
        1074
    ]
}