{
    "Total Acc": [
        0.8173184357541899,
        1074
    ],
    "Total Answer Reject Rate": [
        0.030726256983240222,
        1074
    ]
}