{
    "Total Acc": [
        0.6875232774674116,
        1074
    ],
    "Total Answer Reject Rate": [
        0.021415270018621976,
        1074
    ]
}