{
    "Total Acc": [
        0.4337057728119181,
        1074
    ],
    "Total Answer Reject Rate": [
        0.4227188081936685,
        1074
    ]
}