{
    "Total Acc": [
        0.8281191806331472,
        1074
    ],
    "Total Answer Reject Rate": [
        0.028864059590316574,
        1074
    ]
}