{
    "Total Acc": [
        0.6916201117318436,
        1074
    ],
    "Total Answer Reject Rate": [
        0.1452513966480447,
        1074
    ]
}