{
    "Total Acc": [
        0.5569832402234637,
        1074
    ],
    "Total Answer Reject Rate": [
        0.20018621973929238,
        1074
    ]
}