{
    "Total Acc": [
        0.7804469273743017,
        1074
    ],
    "Total Answer Reject Rate": [
        0.025139664804469275,
        1074
    ]
}