{
    "Total Acc": [
        0.6471135940409684,
        1074
    ],
    "Total Answer Reject Rate": [
        0.0521415270018622,
        1074
    ]
}