{
    "Total Acc": [
        0.8154562383612662,
        1074
    ],
    "Total Answer Reject Rate": [
        0.04003724394785847,
        1074
    ]
}