{
    "Total Acc": [
        0.7171322160148976,
        1074
    ],
    "Total Answer Reject Rate": [
        0.1424581005586592,
        1074
    ]
}