{
    "Total Acc": [
        0.7394221808014911,
        1073
    ],
    "Total Answer Reject Rate": [
        0.12290502793296089,
        1074
    ]
}