{
    "Total Acc": [
        0.8318435754189945,
        1074
    ],
    "Total Answer Reject Rate": [
        0.028864059590316574,
        1074
    ]
}