{
    "Total Acc": [
        0.6851024208566108,
        1074
    ],
    "Total Answer Reject Rate": [
        0.16666666666666666,
        1074
    ]
}