{
    "Total Acc": [
        0.6720670391061453,
        1074
    ],
    "Total Answer Reject Rate": [
        0.16294227188081936,
        1074
    ]
}