{
    "Total Acc": [
        0.586778398510242,
        1074
    ],
    "Total Answer Reject Rate": [
        0.28584729981378026,
        1074
    ]
}