{
    "Total Acc": [
        0.7251396648044692,
        1074
    ],
    "Total Answer Reject Rate": [
        0.13500931098696461,
        1074
    ]
}