{
    "Total Acc": [
        0.8175046554934823,
        1074
    ],
    "Total Answer Reject Rate": [
        0.03445065176908752,
        1074
    ]
}