{
    "Total Acc": [
        0.7795158286778399,
        1074
    ],
    "Total Answer Reject Rate": [
        0.0335195530726257,
        1074
    ]
}