{
    "Total Acc": [
        0.5008387698042871,
        1073
    ],
    "Total Answer Reject Rate": [
        0.3221601489757914,
        1074
    ]
}