{
    "Total Acc": [
        0.4540540540540541,
        1073
    ],
    "Total Answer Reject Rate": [
        0.2914338919925512,
        1074
    ]
}