{
    "Total Acc": [
        0.715828677839851,
        1074
    ],
    "Total Answer Reject Rate": [
        0.037243947858473,
        1074
    ]
}