{
    "Total Acc": [
        0.7139664804469273,
        1074
    ],
    "Total Answer Reject Rate": [
        0.1387337057728119,
        1074
    ]
}