{
    "Total Acc": [
        0.7223463687150838,
        1074
    ],
    "Total Answer Reject Rate": [
        0.0446927374301676,
        1074
    ]
}