{
    "Total Acc": [
        0.576536312849162,
        1074
    ],
    "Total Answer Reject Rate": [
        0.28584729981378026,
        1074
    ]
}