{
    "Total Acc": [
        0.7558659217877095,
        1074
    ],
    "Total Answer Reject Rate": [
        0.030726256983240222,
        1074
    ]
}