{
    "Total Acc": [
        0.6171322160148975,
        1074
    ],
    "Total Answer Reject Rate": [
        0.21601489757914338,
        1074
    ]
}