{
    "Total Acc": [
        0.7212290502793296,
        1074
    ],
    "Total Answer Reject Rate": [
        0.024208566108007448,
        1074
    ]
}