{
    "Total Acc": [
        0.8003724394785847,
        1074
    ],
    "Total Answer Reject Rate": [
        0.028864059590316574,
        1074
    ]
}