{
    "Total Acc": [
        0.7618249534450652,
        1074
    ],
    "Total Answer Reject Rate": [
        0.028864059590316574,
        1074
    ]
}