{
    "Total Acc": [
        0.7089385474860335,
        1074
    ],
    "Total Answer Reject Rate": [
        0.14990689013035383,
        1074
    ]
}