{
    "Total Acc": [
        0.8368715083798882,
        1074
    ],
    "Total Answer Reject Rate": [
        0.017690875232774673,
        1074
    ]
}