{
    "Total Acc": [
        0.8385474860335196,
        1074
    ],
    "Total Answer Reject Rate": [
        0.023277467411545624,
        1074
    ]
}