{
    "Total Acc": [
        0.7694599627560521,
        1074
    ],
    "Total Answer Reject Rate": [
        0.0223463687150838,
        1074
    ]
}