{
    "Total Acc": [
        0.7115456238361266,
        1074
    ],
    "Total Answer Reject Rate": [
        0.08472998137802606,
        1074
    ]
}