{
    "Total Acc": [
        0.01696178937558248,
        1073
    ],
    "Total Answer Reject Rate": [
        0.9702048417132216,
        1074
    ]
}