{
    "Total Acc": [
        0.8553072625698324,
        1074
    ],
    "Total Answer Reject Rate": [
        0.015828677839851025,
        1074
    ]
}