{
    "Total Acc": [
        0.31135940409683427,
        1074
    ],
    "Total Answer Reject Rate": [
        0.07355679702048418,
        1074
    ]
}