{
    "Total Acc": [
        0.8115456238361266,
        1074
    ],
    "Total Answer Reject Rate": [
        0.01303538175046555,
        1074
    ]
}