{
    "Total Acc": [
        0.2143389199255121,
        1074
    ],
    "Total Answer Reject Rate": [
        0.2988826815642458,
        1074
    ]
}