{
    "Total Acc": [
        0.8083798882681564,
        1074
    ],
    "Total Answer Reject Rate": [
        0.0223463687150838,
        1074
    ]
}