{
    "Total Acc": [
        0.7220149253731343,
        1072
    ],
    "Total Answer Reject Rate": [
        0.07169459962756052,
        1074
    ]
}