{
    "Total Acc": [
        0.8769087523277468,
        1074
    ],
    "Total Answer Reject Rate": [
        0.012104283054003724,
        1074
    ]
}