{
    "Total Acc": [
        0.6625698324022347,
        1074
    ],
    "Total Answer Reject Rate": [
        0.10893854748603352,
        1074
    ]
}