{
    "Total Acc": [
        0.8132216014897579,
        1074
    ],
    "Total Answer Reject Rate": [
        0.0186219739292365,
        1074
    ]
}