{
    "Total Acc": [
        0.8620111731843575,
        1074
    ],
    "Total Answer Reject Rate": [
        0.027001862197392923,
        1074
    ]
}