{
    "Total Acc": [
        0.7025163094128611,
        1073
    ],
    "Total Answer Reject Rate": [
        0.0782122905027933,
        1074
    ]
}