{
    "Total Acc": [
        0.23370577281191807,
        1074
    ],
    "Total Answer Reject Rate": [
        0.49813780260707635,
        1074
    ]
}