{
    "Total Acc": [
        0.8657355679702048,
        1074
    ],
    "Total Answer Reject Rate": [
        0.03445065176908752,
        1074
    ]
}