{
    "Total Acc": [
        0.7285447761194029,
        1072
    ],
    "Total Answer Reject Rate": [
        0.09031657355679702,
        1074
    ]
}