{
    "Total Acc": [
        0.18361266294227188,
        1074
    ],
    "Total Answer Reject Rate": [
        0.48696461824953446,
        1074
    ]
}