{
    "Total Acc": [
        0.5236499068901304,
        1074
    ],
    "Total Answer Reject Rate": [
        0.043761638733705775,
        1074
    ]
}