{
    "Total Acc": [
        0.42960893854748605,
        1074
    ],
    "Total Answer Reject Rate": [
        0.13128491620111732,
        1074
    ]
}