{
    "Total Acc": [
        0.6931966449207828,
        1073
    ],
    "Total Answer Reject Rate": [
        0.10335195530726257,
        1074
    ]
}