{
    "Total Acc": [
        0.35940409683426444,
        1074
    ],
    "Total Answer Reject Rate": [
        0.10335195530726257,
        1074
    ]
}