{
    "Total Acc": [
        0.8823091247672253,
        1074
    ],
    "Total Answer Reject Rate": [
        0.013966480446927373,
        1074
    ]
}