{
    "Total Acc": [
        0.7427238805970149,
        1072
    ],
    "Total Answer Reject Rate": [
        0.09497206703910614,
        1074
    ]
}