{
    "Total Acc": [
        0.16182495344506517,
        1074
    ],
    "Total Answer Reject Rate": [
        0.5540037243947858,
        1074
    ]
}