{
    "Total Acc": [
        0.7263746505125815,
        1073
    ],
    "Total Answer Reject Rate": [
        0.08286778398510242,
        1074
    ]
}