{
    "Total Acc": [
        0.7324022346368715,
        1074
    ],
    "Total Answer Reject Rate": [
        0.08752327746741155,
        1074
    ]
}