{
    "Total Acc": [
        0.06971109040074558,
        1073
    ],
    "Total Answer Reject Rate": [
        0.12290502793296089,
        1074
    ]
}