{
    "Total Acc": [
        0.8679702048417132,
        1074
    ],
    "Total Answer Reject Rate": [
        0.027001862197392923,
        1074
    ]
}