{
    "Total Acc": [
        0.8592178770949721,
        1074
    ],
    "Total Answer Reject Rate": [
        0.025139664804469275,
        1074
    ]
}