{
    "Total Acc": [
        0.5895522388059702,
        1072
    ],
    "Total Answer Reject Rate": [
        0.1340782122905028,
        1074
    ]
}