{
    "Total Acc": [
        0.8450651769087524,
        1074
    ],
    "Total Answer Reject Rate": [
        0.019553072625698324,
        1074
    ]
}