{
    "Total Acc": [
        0.7468779123951538,
        1073
    ],
    "Total Answer Reject Rate": [
        0.08845437616387337,
        1074
    ]
}