{
    "Total Acc": [
        0.8592178770949721,
        1074
    ],
    "Total Answer Reject Rate": [
        0.030726256983240222,
        1074
    ]
}