{
    "Total Acc": [
        0.7364990689013036,
        1074
    ],
    "Total Answer Reject Rate": [
        0.0260707635009311,
        1074
    ]
}