{
    "Total Acc": [
        0.056424581005586595,
        1074
    ],
    "Total Answer Reject Rate": [
        0.35940409683426444,
        1074
    ]
}