{
    "Total Acc": [
        0.627001862197393,
        1074
    ],
    "Total Answer Reject Rate": [
        0.12756052141527002,
        1074
    ]
}