{
    "Total Acc": [
        0.6270270270270271,
        1073
    ],
    "Total Answer Reject Rate": [
        0.18435754189944134,
        1074
    ]
}