{
    "Total Acc": [
        0.7143124415341441,
        1069
    ],
    "Total Answer Reject Rate": [
        0.0931098696461825,
        1074
    ]
}