{
    "Total Acc": [
        0.4364990689013035,
        1074
    ],
    "Total Answer Reject Rate": [
        0.1871508379888268,
        1074
    ]
}