{
    "Total Acc": [
        0.8400372439478585,
        1074
    ],
    "Total Answer Reject Rate": [
        0.0148975791433892,
        1074
    ]
}