{
    "Total Acc": [
        0.5854748603351956,
        1074
    ],
    "Total Answer Reject Rate": [
        0.13500931098696461,
        1074
    ]
}