{
    "Total Acc": [
        0.7442684063373719,
        1073
    ],
    "Total Answer Reject Rate": [
        0.08379888268156424,
        1074
    ]
}