{
    "Total Acc": [
        0.7320297951582868,
        1074
    ],
    "Total Answer Reject Rate": [
        0.0782122905027933,
        1074
    ]
}