{
    "Total Acc": [
        0.16305970149253732,
        1072
    ],
    "Total Answer Reject Rate": [
        0.6564245810055865,
        1074
    ]
}