{
    "Total Acc": [
        0.36775396085740913,
        1073
    ],
    "Total Answer Reject Rate": [
        0.14804469273743018,
        1074
    ]
}