{
    "Total Acc": [
        0.5480859010270775,
        1071
    ],
    "Total Answer Reject Rate": [
        0.07169459962756052,
        1074
    ]
}