{
    "Total Acc": [
        0.8420856610800744,
        1074
    ],
    "Total Answer Reject Rate": [
        0.07541899441340782,
        1074
    ]
}