{
    "Total Acc": [
        0.7681564245810056,
        1074
    ],
    "Total Answer Reject Rate": [
        0.0297951582867784,
        1074
    ]
}