{
    "Total Acc": [
        0.81024208566108,
        1074
    ],
    "Total Answer Reject Rate": [
        0.061452513966480445,
        1074
    ]
}