{
    "Total Acc": [
        0.578584729981378,
        1074
    ],
    "Total Answer Reject Rate": [
        0.26629422718808193,
        1074
    ]
}