{
    "Total Acc": [
        0.44990689013035384,
        1074
    ],
    "Total Answer Reject Rate": [
        0.04655493482309125,
        1074
    ]
}