{
    "Total Acc": [
        0.6832402234636872,
        1074
    ],
    "Total Answer Reject Rate": [
        0.06238361266294227,
        1074
    ]
}