{
    "Total Acc": [
        0.8519553072625698,
        1074
    ],
    "Total Answer Reject Rate": [
        0.0782122905027933,
        1074
    ]
}