{
    "Total Acc": [
        0.8288640595903166,
        1074
    ],
    "Total Answer Reject Rate": [
        0.0670391061452514,
        1074
    ]
}