{
    "Total Acc": [
        0.6288909599254426,
        1073
    ],
    "Total Answer Reject Rate": [
        0.1824953445065177,
        1074
    ]
}