{
    "Total Acc": [
        0.7270018621973929,
        1074
    ],
    "Total Answer Reject Rate": [
        0.1378026070763501,
        1074
    ]
}