{
    "Total Acc": [
        0.5221601489757914,
        1074
    ],
    "Total Answer Reject Rate": [
        0.2541899441340782,
        1074
    ]
}