{
    "Total Acc": [
        0.8298229263746505,
        1073
    ],
    "Total Answer Reject Rate": [
        0.08007448789571694,
        1074
    ]
}