{
    "Total Acc": [
        0.17988826815642459,
        1074
    ],
    "Total Answer Reject Rate": [
        0.05865921787709497,
        1074
    ]
}