{
    "Total Acc": [
        0.8148975791433892,
        1074
    ],
    "Total Answer Reject Rate": [
        0.08659217877094973,
        1074
    ]
}