{
    "Total Acc": [
        0.17858472998137803,
        1074
    ],
    "Total Answer Reject Rate": [
        0.4860335195530726,
        1074
    ]
}