{
    "Total Acc": [
        0.6193668528864059,
        1074
    ],
    "Total Answer Reject Rate": [
        0.12756052141527002,
        1074
    ]
}