{
    "Total Acc": [
        0.8106145251396648,
        1074
    ],
    "Total Answer Reject Rate": [
        0.028864059590316574,
        1074
    ]
}