{
    "Total Acc": [
        0.17467411545623837,
        1074
    ],
    "Total Answer Reject Rate": [
        0.30819366852886404,
        1074
    ]
}