{
    "Total Acc": [
        0.7046641791044777,
        1072
    ],
    "Total Answer Reject Rate": [
        0.14711359404096835,
        1074
    ]
}