{
    "Total Acc": [
        0.2266542404473439,
        1073
    ],
    "Total Answer Reject Rate": [
        0.1303538175046555,
        1074
    ]
}