{
    "Total Acc": [
        0.8037243947858473,
        1074
    ],
    "Total Answer Reject Rate": [
        0.06797020484171322,
        1074
    ]
}