{
    "Total Acc": [
        0.8253494874184529,
        1073
    ],
    "Total Answer Reject Rate": [
        0.06517690875232775,
        1074
    ]
}