{
    "Total Acc": [
        0.797951582867784,
        1074
    ],
    "Total Answer Reject Rate": [
        0.08752327746741155,
        1074
    ]
}