{
    "Total Acc": [
        0.2745573159366263,
        1073
    ],
    "Total Answer Reject Rate": [
        0.3789571694599628,
        1074
    ]
}