{
    "Total Acc": [
        0.7867783985102421,
        1074
    ],
    "Total Answer Reject Rate": [
        0.051210428305400374,
        1074
    ]
}