{
    "Total Acc": [
        0.7409683426443203,
        1074
    ],
    "Total Answer Reject Rate": [
        0.0521415270018622,
        1074
    ]
}