{
    "Total Acc": [
        0.5985102420856611,
        1074
    ],
    "Total Answer Reject Rate": [
        0.0335195530726257,
        1074
    ]
}