{
    "Total Acc": [
        0.7394785847299814,
        1074
    ],
    "Total Answer Reject Rate": [
        0.027001862197392923,
        1074
    ]
}