{
    "Total Acc": [
        0.7080074487895717,
        1074
    ],
    "Total Answer Reject Rate": [
        0.1154562383612663,
        1074
    ]
}