{
    "Total Acc": [
        0.7238361266294228,
        1074
    ],
    "Total Answer Reject Rate": [
        0.1303538175046555,
        1074
    ]
}