{
    "Total Acc": [
        0.7384902143522833,
        1073
    ],
    "Total Answer Reject Rate": [
        0.11824953445065177,
        1074
    ]
}