{
    "Total Acc": [
        0.7635009310986964,
        1074
    ],
    "Total Answer Reject Rate": [
        0.06517690875232775,
        1074
    ]
}