{
    "Total Acc": [
        0.36703910614525137,
        1074
    ],
    "Total Answer Reject Rate": [
        0.2309124767225326,
        1074
    ]
}