{
    "Total Acc": [
        0.7127679403541473,
        1073
    ],
    "Total Answer Reject Rate": [
        0.11359404096834265,
        1074
    ]
}