{
    "Total Acc": [
        0.0962756052141527,
        1074
    ],
    "Total Answer Reject Rate": [
        0.15176908752327747,
        1074
    ]
}