{
    "Total Acc": [
        0.14655493482309126,
        1074
    ],
    "Total Answer Reject Rate": [
        0.6070763500931099,
        1074
    ]
}