{
    "Total Acc": [
        0.7152700186219739,
        1074
    ],
    "Total Answer Reject Rate": [
        0.12942271880819367,
        1074
    ]
}