{
    "Total Acc": [
        0.7301675977653631,
        1074
    ],
    "Total Answer Reject Rate": [
        0.11731843575418995,
        1074
    ]
}