{
    "Total Acc": [
        0.06666666666666667,
        1074
    ],
    "Total Answer Reject Rate": [
        0.8519553072625698,
        1074
    ]
}