{
    "Total Acc": [
        0.7139664804469273,
        1074
    ],
    "Total Answer Reject Rate": [
        0.05493482309124767,
        1074
    ]
}