{
    "Total Acc": [
        0.8240223463687151,
        1074
    ],
    "Total Answer Reject Rate": [
        0.032588454376163874,
        1074
    ]
}