{
    "Total Acc": [
        0.7651769087523278,
        1074
    ],
    "Total Answer Reject Rate": [
        0.030726256983240222,
        1074
    ]
}