{
    "Total Acc": [
        0.20409683426443204,
        1074
    ],
    "Total Answer Reject Rate": [
        0.6080074487895717,
        1074
    ]
}