{
    "Total Acc": [
        0.036685288640595906,
        1074
    ],
    "Total Answer Reject Rate": [
        0.7104283054003724,
        1074
    ]
}