{
    "Total Acc": [
        0.6981378026070764,
        1074
    ],
    "Total Answer Reject Rate": [
        0.056797020484171325,
        1074
    ]
}