{
    "Total Acc": [
        0.5638733705772812,
        1074
    ],
    "Total Answer Reject Rate": [
        0.22998137802607077,
        1074
    ]
}