{
    "Total Acc": [
        0.15623836126629423,
        1074
    ],
    "Total Answer Reject Rate": [
        0.6126629422718808,
        1074
    ]
}