{
    "Total Acc": [
        0.8005586592178771,
        1074
    ],
    "Total Answer Reject Rate": [
        0.037243947858473,
        1074
    ]
}