{
    "Total Acc": [
        0.7007448789571694,
        1074
    ],
    "Total Answer Reject Rate": [
        0.13314711359404097,
        1074
    ]
}