{
    "Total Acc": [
        0.6710158434296365,
        1073
    ],
    "Total Answer Reject Rate": [
        0.17970204841713222,
        1074
    ]
}