{
    "Total Acc": [
        0.021808014911463187,
        1073
    ],
    "Total Answer Reject Rate": [
        0.9683426443202979,
        1074
    ]
}