{
    "Total Acc": [
        0.6512104283054003,
        1074
    ],
    "Total Answer Reject Rate": [
        0.18342644320297952,
        1074
    ]
}