{
    "Total Acc": [
        0.49757914338919923,
        1074
    ],
    "Total Answer Reject Rate": [
        0.3100558659217877,
        1074
    ]
}