{
    "Total Acc": [
        0.8374301675977653,
        1074
    ],
    "Total Answer Reject Rate": [
        0.028864059590316574,
        1074
    ]
}