{
    "Total Acc": [
        0.7253258845437617,
        1074
    ],
    "Total Answer Reject Rate": [
        0.13221601489757914,
        1074
    ]
}