{
    "Total Acc": [
        0.6702048417132216,
        1074
    ],
    "Total Answer Reject Rate": [
        0.1601489757914339,
        1074
    ]
}