{
    "Total Acc": [
        0.8108007448789571,
        1074
    ],
    "Total Answer Reject Rate": [
        0.032588454376163874,
        1074
    ]
}