{
    "Total Acc": [
        0.7729981378026071,
        1074
    ],
    "Total Answer Reject Rate": [
        0.0335195530726257,
        1074
    ]
}