{
    "Total Acc": [
        0.8292364990689013,
        1074
    ],
    "Total Answer Reject Rate": [
        0.0297951582867784,
        1074
    ]
}