{
    "Total Acc": [
        0.311731843575419,
        1074
    ],
    "Total Answer Reject Rate": [
        0.22253258845437615,
        1074
    ]
}