{
    "Total Acc": [
        0.578937558247903,
        1073
    ],
    "Total Answer Reject Rate": [
        0.06517690875232775,
        1074
    ]
}