{
    "Total Acc": [
        0.784171322160149,
        1074
    ],
    "Total Answer Reject Rate": [
        0.0335195530726257,
        1074
    ]
}