{
    "Total Acc": [
        0.770391061452514,
        1074
    ],
    "Total Answer Reject Rate": [
        0.0260707635009311,
        1074
    ]
}