{
    "Total Acc": [
        0.6692737430167598,
        1074
    ],
    "Total Answer Reject Rate": [
        0.048417132216014895,
        1074
    ]
}