{
    "Total Acc": [
        0.3333333333333333,
        1074
    ],
    "Total Answer Reject Rate": [
        0.46741154562383613,
        1074
    ]
}