{
    "Total Acc": [
        0.7484171322160149,
        1074
    ],
    "Total Answer Reject Rate": [
        0.023277467411545624,
        1074
    ]
}