{
    "Total Acc": [
        0.7955307262569833,
        1074
    ],
    "Total Answer Reject Rate": [
        0.03445065176908752,
        1074
    ]
}