{
    "Total Acc": [
        0.6271880819366853,
        1074
    ],
    "Total Answer Reject Rate": [
        0.19553072625698323,
        1074
    ]
}