{
    "Total Acc": [
        0.6072625698324022,
        1074
    ],
    "Total Answer Reject Rate": [
        0.2383612662942272,
        1074
    ]
}