{
    "Total Acc": [
        0.7217877094972067,
        1074
    ],
    "Total Answer Reject Rate": [
        0.13594040968342644,
        1074
    ]
}