{
    "Total Acc": [
        0.7128491620111732,
        1074
    ],
    "Total Answer Reject Rate": [
        0.13221601489757914,
        1074
    ]
}