{
    "Total Acc": [
        0.3947858472998138,
        1074
    ],
    "Total Answer Reject Rate": [
        0.09590316573556797,
        1074
    ]
}