{
    "Total Acc": [
        0.7242537313432836,
        1072
    ],
    "Total Answer Reject Rate": [
        0.1340782122905028,
        1074
    ]
}