{
    "Total Acc": [
        0.8271880819366852,
        1074
    ],
    "Total Answer Reject Rate": [
        0.021415270018621976,
        1074
    ]
}