{
    "Total Acc": [
        0.5754789272030651,
        1044
    ],
    "Total Answer Reject Rate": [
        0.186219739292365,
        1074
    ]
}