{
    "Total Acc": [
        0.28919925512104283,
        1074
    ],
    "Total Answer Reject Rate": [
        0.16759776536312848,
        1074
    ]
}