{
    "Total Acc": [
        0.07362534948741846,
        1073
    ],
    "Total Answer Reject Rate": [
        0.4515828677839851,
        1074
    ]
}