{
    "Total Acc": [
        0.8491620111731844,
        1074
    ],
    "Total Answer Reject Rate": [
        0.07076350093109869,
        1074
    ]
}