{
    "Total Acc": [
        0.8439478584729981,
        1074
    ],
    "Total Answer Reject Rate": [
        0.06797020484171322,
        1074
    ]
}