{
    "Total Acc": [
        0.8410065237651445,
        1073
    ],
    "Total Answer Reject Rate": [
        0.055865921787709494,
        1074
    ]
}