{
    "Total Acc": [
        0.6406337371854613,
        1073
    ],
    "Total Answer Reject Rate": [
        0.074487895716946,
        1074
    ]
}