{
    "Total Acc": [
        0.8405959031657355,
        1074
    ],
    "Total Answer Reject Rate": [
        0.024208566108007448,
        1074
    ]
}