{
    "Total Acc": [
        0.7746741154562383,
        1074
    ],
    "Total Answer Reject Rate": [
        0.05493482309124767,
        1074
    ]
}