{
    "Total Acc": [
        0.8424581005586592,
        1074
    ],
    "Total Answer Reject Rate": [
        0.0931098696461825,
        1074
    ]
}