{
    "Total Acc": [
        0.5878731343283582,
        1072
    ],
    "Total Answer Reject Rate": [
        0.08286778398510242,
        1074
    ]
}