{
    "Total Acc": [
        0.7713221601489758,
        1074
    ],
    "Total Answer Reject Rate": [
        0.08379888268156424,
        1074
    ]
}