{
    "Total Acc": [
        0.8199255121042831,
        1074
    ],
    "Total Answer Reject Rate": [
        0.06797020484171322,
        1074
    ]
}