{
    "Total Acc": [
        0.8165735567970205,
        1074
    ],
    "Total Answer Reject Rate": [
        0.055865921787709494,
        1074
    ]
}