{
    "Total Acc": [
        0.7220149253731343,
        1072
    ],
    "Total Answer Reject Rate": [
        0.10707635009310987,
        1074
    ]
}