{
    "Total Acc": [
        0.7422718808193669,
        1074
    ],
    "Total Answer Reject Rate": [
        0.12476722532588454,
        1074
    ]
}