{
    "Total Acc": [
        0.7511649580615097,
        1073
    ],
    "Total Answer Reject Rate": [
        0.12011173184357542,
        1074
    ]
}