{
    "Total Acc": [
        0.7502793296089385,
        1074
    ],
    "Total Answer Reject Rate": [
        0.054003724394785846,
        1074
    ]
}