{
    "Total Acc": [
        0.6770949720670391,
        1074
    ],
    "Total Answer Reject Rate": [
        0.15363128491620112,
        1074
    ]
}