{
    "Total Acc": [
        0.45232774674115456,
        1074
    ],
    "Total Answer Reject Rate": [
        0.11452513966480447,
        1074
    ]
}