{
    "Total Acc": [
        0.8376163873370577,
        1074
    ],
    "Total Answer Reject Rate": [
        0.08472998137802606,
        1074
    ]
}