{
    "Total Acc": [
        0.8472998137802608,
        1074
    ],
    "Total Answer Reject Rate": [
        0.07914338919925512,
        1074
    ]
}