{
    "Total Acc": [
        0.4158434296365331,
        1073
    ],
    "Total Answer Reject Rate": [
        0.30726256983240224,
        1074
    ]
}