{
    "Total Acc": [
        0.8476722532588454,
        1074
    ],
    "Total Answer Reject Rate": [
        0.0893854748603352,
        1074
    ]
}