{
    "Total Acc": [
        0.8268406337371854,
        1073
    ],
    "Total Answer Reject Rate": [
        0.05772811918063315,
        1074
    ]
}