{
    "Total Acc": [
        0.839292364990689,
        1074
    ],
    "Total Answer Reject Rate": [
        0.06424581005586592,
        1074
    ]
}