{
    "Total Acc": [
        0.1424044734389562,
        1073
    ],
    "Total Answer Reject Rate": [
        0.45344506517690875,
        1074
    ]
}