{
    "Total Acc": [
        0.2801125703564728,
        1066
    ],
    "Total Answer Reject Rate": [
        0.30819366852886404,
        1074
    ]
}