{
    "Total Acc": [
        0.4011173184357542,
        1074
    ],
    "Total Answer Reject Rate": [
        0.12197392923649907,
        1074
    ]
}