{
    "Total Acc": [
        0.3908752327746741,
        1074
    ],
    "Total Answer Reject Rate": [
        0.12476722532588454,
        1074
    ]
}