{
    "Total Acc": [
        0.38640595903165736,
        1074
    ],
    "Total Answer Reject Rate": [
        0.13128491620111732,
        1074
    ]
}