{
    "Total Acc": [
        0.3867783985102421,
        1074
    ],
    "Total Answer Reject Rate": [
        0.13128491620111732,
        1074
    ]
}