{
    "Total Acc": [
        0.20465549348230913,
        1074
    ],
    "Total Answer Reject Rate": [
        0.5865921787709497,
        1074
    ]
}