{
    "Total Acc": [
        0.21918063314711358,
        1074
    ],
    "Total Answer Reject Rate": [
        0.5707635009310987,
        1074
    ]
}