{
    "Total Acc": [
        0.24059590316573556,
        1074
    ],
    "Total Answer Reject Rate": [
        0.5540037243947858,
        1074
    ]
}