{
    "Total Acc": [
        0.22346368715083798,
        1074
    ],
    "Total Answer Reject Rate": [
        0.5661080074487895,
        1074
    ]
}