{
    "Total Acc": [
        0.5411764705882353,
        1071
    ],
    "Total Answer Reject Rate": [
        0.09962756052141528,
        1074
    ]
}