{
    "Total Acc": [
        0.2746741154562384,
        1074
    ],
    "Total Answer Reject Rate": [
        0.15176908752327747,
        1074
    ]
}