{
    "Total Acc": [
        0.4121495327102804,
        1070
    ],
    "Total Answer Reject Rate": [
        0.3472998137802607,
        1074
    ]
}