{
    "Total Acc": [
        0.5843575418994413,
        1074
    ],
    "Total Answer Reject Rate": [
        0.09590316573556797,
        1074
    ]
}