{
    "Total Acc": [
        0.515828677839851,
        1074
    ],
    "Total Answer Reject Rate": [
        0.1787709497206704,
        1074
    ]
}