{
    "Total Acc": [
        0.651024208566108,
        1074
    ],
    "Total Answer Reject Rate": [
        0.08659217877094973,
        1074
    ]
}