{
    "Total Acc": [
        0.4435754189944134,
        1074
    ],
    "Total Answer Reject Rate": [
        0.30353817504655495,
        1074
    ]
}