{
    "Total Acc": [
        0.5720670391061452,
        1074
    ],
    "Total Answer Reject Rate": [
        0.11080074487895716,
        1074
    ]
}