{
    "Total Acc": [
        0.40279329608938547,
        1074
    ],
    "Total Answer Reject Rate": [
        0.3063314711359404,
        1074
    ]
}