{
    "Total Acc": [
        0.32625698324022345,
        1074
    ],
    "Total Answer Reject Rate": [
        0.34450651769087526,
        1074
    ]
}