{
    "Total Acc": [
        0.5478584729981378,
        1074
    ],
    "Total Answer Reject Rate": [
        0.08845437616387337,
        1074
    ]
}