{
    "Total Acc": [
        0.5458100558659218,
        1074
    ],
    "Total Answer Reject Rate": [
        0.23277467411545624,
        1074
    ]
}