{
    "Total Acc": [
        0.46461824953445063,
        1074
    ],
    "Total Answer Reject Rate": [
        0.10614525139664804,
        1074
    ]
}