{
    "Total Acc": [
        0.6037243947858473,
        1074
    ],
    "Total Answer Reject Rate": [
        0.09404096834264432,
        1074
    ]
}