{
    "Total Acc": [
        0.21267474370922645,
        1073
    ],
    "Total Answer Reject Rate": [
        0.574487895716946,
        1074
    ]
}