{
    "Total Acc": [
        0.6348230912476722,
        1074
    ],
    "Total Answer Reject Rate": [
        0.07076350093109869,
        1074
    ]
}