{
    "Total Acc": [
        0.3914338919925512,
        1074
    ],
    "Total Answer Reject Rate": [
        0.13594040968342644,
        1074
    ]
}