{
    "Total Acc": [
        0.627001862197393,
        1074
    ],
    "Total Answer Reject Rate": [
        0.051210428305400374,
        1074
    ]
}