{
    "Total Acc": [
        0.4227188081936685,
        1074
    ],
    "Total Answer Reject Rate": [
        0.09962756052141528,
        1074
    ]
}