{
    "Total Acc": [
        0.23798882681564246,
        1074
    ],
    "Total Answer Reject Rate": [
        0.5577281191806331,
        1074
    ]
}