{
    "Total Acc": [
        0.3839851024208566,
        1074
    ],
    "Total Answer Reject Rate": [
        0.1387337057728119,
        1074
    ]
}