{
    "Total Acc": [
        0.5260707635009311,
        1074
    ],
    "Total Answer Reject Rate": [
        0.22532588454376165,
        1074
    ]
}