{
    "Total Acc": [
        0.5469273743016759,
        1074
    ],
    "Total Answer Reject Rate": [
        0.148975791433892,
        1074
    ]
}