{
    "Total Acc": [
        0.5080223880597015,
        1072
    ],
    "Total Answer Reject Rate": [
        0.24022346368715083,
        1074
    ]
}