{
    "Total Acc": [
        0.36666666666666664,
        1074
    ],
    "Total Answer Reject Rate": [
        0.1387337057728119,
        1074
    ]
}