{
    "Total Acc": [
        0.49441340782122906,
        1074
    ],
    "Total Answer Reject Rate": [
        0.07262569832402235,
        1074
    ]
}