{
    "Total Acc": [
        0.4081936685288641,
        1074
    ],
    "Total Answer Reject Rate": [
        0.12476722532588454,
        1074
    ]
}