{
    "Total Acc": [
        0.5344506517690876,
        1074
    ],
    "Total Answer Reject Rate": [
        0.1610800744878957,
        1074
    ]
}