{
    "Total Acc": [
        0.19478098788443615,
        1073
    ],
    "Total Answer Reject Rate": [
        0.5875232774674115,
        1074
    ]
}