{
    "Total Acc": [
        0.5443202979515829,
        1074
    ],
    "Total Answer Reject Rate": [
        0.16666666666666666,
        1074
    ]
}