{
    "Total Acc": [
        0.5592903828197946,
        1071
    ],
    "Total Answer Reject Rate": [
        0.04748603351955307,
        1074
    ]
}