{
    "Total Acc": [
        0.2380242311276794,
        1073
    ],
    "Total Answer Reject Rate": [
        0.5661080074487895,
        1074
    ]
}