{
    "Total Acc": [
        0.17113594040968344,
        1074
    ],
    "Total Answer Reject Rate": [
        0.6014897579143389,
        1074
    ]
}