{
    "Total Acc": [
        0.5273846153846153,
        975
    ],
    "Total Answer Reject Rate": [
        0.1713221601489758,
        1074
    ]
}