{
    "Total Acc": [
        0.1908752327746741,
        1074
    ],
    "Total Answer Reject Rate": [
        0.6620111731843575,
        1074
    ]
}