{
    "Total Acc": [
        0.5370577281191806,
        1074
    ],
    "Total Answer Reject Rate": [
        0.15083798882681565,
        1074
    ]
}