{
    "Total Acc": [
        0.4888268156424581,
        1074
    ],
    "Total Answer Reject Rate": [
        0.17039106145251395,
        1074
    ]
}