{
    "Total Acc": [
        0.17318435754189945,
        1074
    ],
    "Total Answer Reject Rate": [
        0.6787709497206704,
        1074
    ]
}