{
    "Total Acc": [
        0.5230912476722532,
        1074
    ],
    "Total Answer Reject Rate": [
        0.15549348230912477,
        1074
    ]
}