{
    "Total Acc": [
        0.19702048417132215,
        1074
    ],
    "Total Answer Reject Rate": [
        0.664804469273743,
        1074
    ]
}