{
    "Total Acc": [
        0.1839851024208566,
        1074
    ],
    "Total Answer Reject Rate": [
        0.6778398510242085,
        1074
    ]
}