{
    "Total Acc": [
        0.4798882681564246,
        1074
    ],
    "Total Answer Reject Rate": [
        0.16573556797020483,
        1074
    ]
}