{
    "Total Acc": [
        0.6702048417132216,
        1074
    ],
    "Total Answer Reject Rate": [
        0.12569832402234637,
        1074
    ]
}