{
    "Total Acc": [
        0.6014897579143389,
        1074
    ],
    "Total Answer Reject Rate": [
        0.23184357541899442,
        1074
    ]
}