{
    "Total Acc": [
        0.38845437616387335,
        1074
    ],
    "Total Answer Reject Rate": [
        0.4227188081936685,
        1074
    ]
}