{
    "Total Acc": [
        0.348975791433892,
        1074
    ],
    "Total Answer Reject Rate": [
        0.2681564245810056,
        1074
    ]
}