{
    "Total Acc": [
        0.5083798882681564,
        1074
    ],
    "Total Answer Reject Rate": [
        0.3202979515828678,
        1074
    ]
}