{
    "Total Acc": [
        0.7223463687150838,
        1074
    ],
    "Total Answer Reject Rate": [
        0.1005586592178771,
        1074
    ]
}