{
    "Total Acc": [
        0.7571694599627561,
        1074
    ],
    "Total Answer Reject Rate": [
        0.07169459962756052,
        1074
    ]
}