{
    "Total Acc": [
        0.6158286778398511,
        1074
    ],
    "Total Answer Reject Rate": [
        0.2430167597765363,
        1074
    ]
}