{
    "Total Acc": [
        0.4301675977653631,
        1074
    ],
    "Total Answer Reject Rate": [
        0.4022346368715084,
        1074
    ]
}