{
    "Total Acc": [
        0.5605214152700186,
        1074
    ],
    "Total Answer Reject Rate": [
        0.2746741154562384,
        1074
    ]
}