{
    "Total Acc": [
        0.2579143389199255,
        1074
    ],
    "Total Answer Reject Rate": [
        0.43109869646182497,
        1074
    ]
}