{
    "Total Acc": [
        0.5018621973929237,
        1074
    ],
    "Total Answer Reject Rate": [
        0.33891992551210426,
        1074
    ]
}