{
    "Total Acc": [
        0.6942271880819367,
        1074
    ],
    "Total Answer Reject Rate": [
        0.11452513966480447,
        1074
    ]
}