{
    "Total Acc": [
        0.5143389199255121,
        1074
    ],
    "Total Answer Reject Rate": [
        0.18063314711359404,
        1074
    ]
}