{
    "Total Acc": [
        0.5128491620111731,
        1074
    ],
    "Total Answer Reject Rate": [
        0.13128491620111732,
        1074
    ]
}