{
    "Total Acc": [
        0.6536312849162011,
        1074
    ],
    "Total Answer Reject Rate": [
        0.12104283054003724,
        1074
    ]
}