{
    "Total Acc": [
        0.506145251396648,
        1074
    ],
    "Total Answer Reject Rate": [
        0.3472998137802607,
        1074
    ]
}