{
    "Total Acc": [
        0.31098696461824954,
        1074
    ],
    "Total Answer Reject Rate": [
        0.4720670391061452,
        1074
    ]
}