{
    "Total Acc": [
        0.6150837988826816,
        1074
    ],
    "Total Answer Reject Rate": [
        0.23370577281191807,
        1074
    ]
}