{
    "Total Acc": [
        0.6513966480446928,
        1074
    ],
    "Total Answer Reject Rate": [
        0.19832402234636873,
        1074
    ]
}