{
    "Total Acc": [
        0.5998137802607076,
        1074
    ],
    "Total Answer Reject Rate": [
        0.11080074487895716,
        1074
    ]
}