{
    "Total Acc": [
        0.5891992551210429,
        1074
    ],
    "Total Answer Reject Rate": [
        0.14618249534450653,
        1074
    ]
}