{
    "Total Acc": [
        0.7229050279329609,
        1074
    ],
    "Total Answer Reject Rate": [
        0.10707635009310987,
        1074
    ]
}