{
    "Total Acc": [
        0.4772811918063315,
        1074
    ],
    "Total Answer Reject Rate": [
        0.3463687150837989,
        1074
    ]
}