{
    "Total Acc": [
        0.15083798882681565,
        1074
    ],
    "Total Answer Reject Rate": [
        0.6322160148975792,
        1074
    ]
}