{
    "Total Acc": [
        0.6067039106145251,
        1074
    ],
    "Total Answer Reject Rate": [
        0.24487895716945995,
        1074
    ]
}