{
    "Total Acc": [
        0.647486033519553,
        1074
    ],
    "Total Answer Reject Rate": [
        0.10335195530726257,
        1074
    ]
}