{
    "Total Acc": [
        0.6236499068901303,
        1074
    ],
    "Total Answer Reject Rate": [
        0.22439478584729983,
        1074
    ]
}