{
    "Total Acc": [
        0.5783985102420857,
        1074
    ],
    "Total Answer Reject Rate": [
        0.25884543761638734,
        1074
    ]
}