{
    "Total Acc": [
        0.6029795158286778,
        1074
    ],
    "Total Answer Reject Rate": [
        0.14338919925512103,
        1074
    ]
}