{
    "Total Acc": [
        0.5951582867783985,
        1074
    ],
    "Total Answer Reject Rate": [
        0.25512104283054005,
        1074
    ]
}