{
    "Total Acc": [
        0.32011173184357544,
        1074
    ],
    "Total Answer Reject Rate": [
        0.260707635009311,
        1074
    ]
}