{
    "Total Acc": [
        0.37225325884543764,
        1074
    ],
    "Total Answer Reject Rate": [
        0.14618249534450653,
        1074
    ]
}