{
    "Total Acc": [
        0.6424581005586593,
        1074
    ],
    "Total Answer Reject Rate": [
        0.2011173184357542,
        1074
    ]
}