{
    "Total Acc": [
        0.42532588454376163,
        1074
    ],
    "Total Answer Reject Rate": [
        0.3845437616387337,
        1074
    ]
}