{
    "Total Acc": [
        0.07746741154562384,
        1074
    ],
    "Total Answer Reject Rate": [
        0.6675977653631285,
        1074
    ]
}