{
    "Total Acc": [
        0.1813780260707635,
        1074
    ],
    "Total Answer Reject Rate": [
        0.19366852886405958,
        1074
    ]
}