{
    "Total Acc": [
        0.6878957169459963,
        1074
    ],
    "Total Answer Reject Rate": [
        0.09776536312849161,
        1074
    ]
}