{
    "Total Acc": [
        0.5817504655493483,
        1074
    ],
    "Total Answer Reject Rate": [
        0.25884543761638734,
        1074
    ]
}