{
    "Total Acc": [
        0.14618249534450653,
        1074
    ],
    "Total Answer Reject Rate": [
        0.707635009310987,
        1074
    ]
}