{
    "Total Acc": [
        0.19013035381750465,
        1074
    ],
    "Total Answer Reject Rate": [
        0.6201117318435754,
        1074
    ]
}