{
    "Total Acc": [
        0.7201117318435755,
        1074
    ],
    "Total Answer Reject Rate": [
        0.10242085661080075,
        1074
    ]
}