{
    "Total Acc": [
        0.7581005586592179,
        1074
    ],
    "Total Answer Reject Rate": [
        0.0782122905027933,
        1074
    ]
}