{
    "Total Acc": [
        0.5368715083798883,
        1074
    ],
    "Total Answer Reject Rate": [
        0.17411545623836128,
        1074
    ]
}