{
    "Total Acc": [
        0.7184357541899441,
        1074
    ],
    "Total Answer Reject Rate": [
        0.09124767225325885,
        1074
    ]
}