{
    "Total Acc": [
        0.6091247672253259,
        1074
    ],
    "Total Answer Reject Rate": [
        0.17318435754189945,
        1074
    ]
}