{
    "Total Acc": [
        0.1653631284916201,
        1074
    ],
    "Total Answer Reject Rate": [
        0.5977653631284916,
        1074
    ]
}