{
    "Total Acc": [
        0.7143389199255121,
        1074
    ],
    "Total Answer Reject Rate": [
        0.09776536312849161,
        1074
    ]
}