{
    "Total Acc": [
        0.4054003724394786,
        1074
    ],
    "Total Answer Reject Rate": [
        0.13314711359404097,
        1074
    ]
}