{
    "Total Acc": [
        0.2532588454376164,
        1074
    ],
    "Total Answer Reject Rate": [
        0.5567970204841713,
        1074
    ]
}