{
    "Total Acc": [
        0.23016759776536314,
        1074
    ],
    "Total Answer Reject Rate": [
        0.5754189944134078,
        1074
    ]
}