{
    "Total Acc": [
        0.40018621973929236,
        1074
    ],
    "Total Answer Reject Rate": [
        0.12849162011173185,
        1074
    ]
}