{
    "Total Acc": [
        0.3891992551210428,
        1074
    ],
    "Total Answer Reject Rate": [
        0.12942271880819367,
        1074
    ]
}