{
    "Total Acc": [
        0.21899441340782122,
        1074
    ],
    "Total Answer Reject Rate": [
        0.5810055865921788,
        1074
    ]
}