{
    "Total Acc": [
        0.21880819366852886,
        1074
    ],
    "Total Answer Reject Rate": [
        0.5754189944134078,
        1074
    ]
}