{
    "Total Acc": [
        0.24059590316573556,
        1074
    ],
    "Total Answer Reject Rate": [
        0.5623836126629422,
        1074
    ]
}