{
    "Total Acc": [
        0.2499068901303538,
        1074
    ],
    "Total Answer Reject Rate": [
        0.5670391061452514,
        1074
    ]
}