{
    "Total Acc": [
        0.16890130353817503,
        1074
    ],
    "Total Answer Reject Rate": [
        0.6182495344506518,
        1074
    ]
}