{
    "Total Acc": [
        0.370391061452514,
        1074
    ],
    "Total Answer Reject Rate": [
        0.164804469273743,
        1074
    ]
}