{
    "Total Acc": [
        0.36033519553072624,
        1074
    ],
    "Total Answer Reject Rate": [
        0.13500931098696461,
        1074
    ]
}