{
    "Total Acc": [
        0.24860335195530725,
        1074
    ],
    "Total Answer Reject Rate": [
        0.5577281191806331,
        1074
    ]
}