{
    "Total Acc": [
        0.2478584729981378,
        1074
    ],
    "Total Answer Reject Rate": [
        0.5521415270018621,
        1074
    ]
}