{
    "Total Acc": [
        0.25921787709497207,
        1074
    ],
    "Total Answer Reject Rate": [
        0.5465549348230913,
        1074
    ]
}