{
    "Total Acc": [
        0.36834264432029795,
        1074
    ],
    "Total Answer Reject Rate": [
        0.148975791433892,
        1074
    ]
}