{
    "Total Acc": [
        0.1579143389199255,
        1074
    ],
    "Total Answer Reject Rate": [
        0.6294227188081937,
        1074
    ]
}