{
    "Total Acc": [
        0.3973929236499069,
        1074
    ],
    "Total Answer Reject Rate": [
        0.13314711359404097,
        1074
    ]
}