{
    "Total Acc": [
        0.2594040968342644,
        1074
    ],
    "Total Answer Reject Rate": [
        0.5549348230912476,
        1074
    ]
}