{
    "Total Acc": [
        0.3906890130353817,
        1074
    ],
    "Total Answer Reject Rate": [
        0.12942271880819367,
        1074
    ]
}