{
    "Total Acc": [
        0.3994413407821229,
        1074
    ],
    "Total Answer Reject Rate": [
        0.12756052141527002,
        1074
    ]
}