{
    "Total Acc": [
        0.24283054003724394,
        1074
    ],
    "Total Answer Reject Rate": [
        0.5661080074487895,
        1074
    ]
}