{
    "Total Acc": [
        0.24264432029795158,
        1074
    ],
    "Total Answer Reject Rate": [
        0.5586592178770949,
        1074
    ]
}