{
    "Total Acc": [
        0.36201117318435755,
        1074
    ],
    "Total Answer Reject Rate": [
        0.1787709497206704,
        1074
    ]
}