{
    "Total Acc": [
        0.2519553072625698,
        1074
    ],
    "Total Answer Reject Rate": [
        0.5512104283054003,
        1074
    ]
}