{
    "Total Acc": [
        0.23165735567970205,
        1074
    ],
    "Total Answer Reject Rate": [
        0.5782122905027933,
        1074
    ]
}