{
    "Total Acc": [
        0.15754189944134078,
        1074
    ],
    "Total Answer Reject Rate": [
        0.6675977653631285,
        1074
    ]
}