{
    "Total Acc": [
        0.24208566108007448,
        1074
    ],
    "Total Answer Reject Rate": [
        0.5595903165735568,
        1074
    ]
}