{
    "Total Acc": [
        0.40875232774674114,
        1074
    ],
    "Total Answer Reject Rate": [
        0.13128491620111732,
        1074
    ]
}