{
    "Total Acc": [
        0.39553072625698327,
        1074
    ],
    "Total Answer Reject Rate": [
        0.1378026070763501,
        1074
    ]
}