{
    "Total Acc": [
        0.2424581005586592,
        1074
    ],
    "Total Answer Reject Rate": [
        0.5670391061452514,
        1074
    ]
}