{
    "Total Acc": [
        0.40558659217877097,
        1074
    ],
    "Total Answer Reject Rate": [
        0.12383612662942271,
        1074
    ]
}