{
    "Total Acc": [
        0.24487895716945995,
        1074
    ],
    "Total Answer Reject Rate": [
        0.5512104283054003,
        1074
    ]
}