{
    "Total Acc": [
        0.40186219739292367,
        1074
    ],
    "Total Answer Reject Rate": [
        0.12290502793296089,
        1074
    ]
}