{
    "Total Acc": [
        0.38864059590316574,
        1074
    ],
    "Total Answer Reject Rate": [
        0.1266294227188082,
        1074
    ]
}