{
    "Total Acc": [
        0.19925512104283055,
        1074
    ],
    "Total Answer Reject Rate": [
        0.5949720670391061,
        1074
    ]
}