{
    "Total Acc": [
        0.18044692737430168,
        1074
    ],
    "Total Answer Reject Rate": [
        0.6182495344506518,
        1074
    ]
}