{
    "Total Acc": [
        0.4035381750465549,
        1074
    ],
    "Total Answer Reject Rate": [
        0.13500931098696461,
        1074
    ]
}