{
    "Total Acc": [
        0.4108007448789572,
        1074
    ],
    "Total Answer Reject Rate": [
        0.13594040968342644,
        1074
    ]
}