{
    "Total Acc": [
        0.39124767225325885,
        1074
    ],
    "Total Answer Reject Rate": [
        0.13128491620111732,
        1074
    ]
}