{
    "Total Acc": [
        0.39776536312849164,
        1074
    ],
    "Total Answer Reject Rate": [
        0.13687150837988826,
        1074
    ]
}