{
    "Total Acc": [
        0.17970204841713222,
        1074
    ],
    "Total Answer Reject Rate": [
        0.6256983240223464,
        1074
    ]
}