{
    "Total Acc": [
        0.38696461824953443,
        1074
    ],
    "Total Answer Reject Rate": [
        0.12383612662942271,
        1074
    ]
}