{
    "Total Acc": [
        0.4132216014897579,
        1074
    ],
    "Total Answer Reject Rate": [
        0.1154562383612663,
        1074
    ]
}