{
    "Total Acc": [
        0.22793296089385476,
        1074
    ],
    "Total Answer Reject Rate": [
        0.5651769087523277,
        1074
    ]
}