{
    "Total Acc": [
        0.3782122905027933,
        1074
    ],
    "Total Answer Reject Rate": [
        0.13594040968342644,
        1074
    ]
}