{
    "Total Acc": [
        0.3918063314711359,
        1074
    ],
    "Total Answer Reject Rate": [
        0.13594040968342644,
        1074
    ]
}