{
    "Total Acc": [
        0.5651769087523277,
        1074
    ],
    "Total Answer Reject Rate": [
        0.040968342644320296,
        1074
    ]
}