{
    "Total Acc": [
        0.3856610800744879,
        1074
    ],
    "Total Answer Reject Rate": [
        0.32774674115456237,
        1074
    ]
}