{
    "Total Acc": [
        0.6988826815642458,
        1074
    ],
    "Total Answer Reject Rate": [
        0.036312849162011177,
        1074
    ]
}