{
    "Total Acc": [
        0.4661696178937558,
        1073
    ],
    "Total Answer Reject Rate": [
        0.2877094972067039,
        1074
    ]
}