{
    "Total Acc": [
        0.6180633147113594,
        1074
    ],
    "Total Answer Reject Rate": [
        0.032588454376163874,
        1074
    ]
}