{
    "Total Acc": [
        0.5541472506989749,
        1073
    ],
    "Total Answer Reject Rate": [
        0.18435754189944134,
        1074
    ]
}