{
    "Total Acc": [
        0.6337057728119181,
        1074
    ],
    "Total Answer Reject Rate": [
        0.16573556797020483,
        1074
    ]
}