{
    "Total Acc": [
        0.7521415270018622,
        1074
    ],
    "Total Answer Reject Rate": [
        0.025139664804469275,
        1074
    ]
}