{
    "Total Acc": [
        0.22031686859273067,
        1073
    ],
    "Total Answer Reject Rate": [
        0.17970204841713222,
        1074
    ]
}