{
    "Total Acc": [
        0.6044776119402985,
        1072
    ],
    "Total Answer Reject Rate": [
        0.23556797020484171,
        1074
    ]
}