{
    "Total Acc": [
        0.7383038210624417,
        1073
    ],
    "Total Answer Reject Rate": [
        0.1787709497206704,
        1074
    ]
}