{
    "Total Acc": [
        0.13550792171481826,
        1073
    ],
    "Total Answer Reject Rate": [
        0.5325884543761639,
        1074
    ]
}