{
    "Total Acc": [
        0.7102611940298508,
        1072
    ],
    "Total Answer Reject Rate": [
        0.15549348230912477,
        1074
    ]
}