{
    "Total Acc": [
        0.15787511649580616,
        1073
    ],
    "Total Answer Reject Rate": [
        0.40502793296089384,
        1074
    ]
}