{
    "Total Acc": [
        0.7170549860205032,
        1073
    ],
    "Total Answer Reject Rate": [
        0.20297951582867785,
        1074
    ]
}