{
    "Total Acc": [
        0.653781512605042,
        1071
    ],
    "Total Answer Reject Rate": [
        0.09124767225325885,
        1074
    ]
}