{
    "Total Acc": [
        0.7288640595903165,
        1074
    ],
    "Total Answer Reject Rate": [
        0.07914338919925512,
        1074
    ]
}