{
    "Total Acc": [
        0.7057728119180633,
        1074
    ],
    "Total Answer Reject Rate": [
        0.09776536312849161,
        1074
    ]
}