{
    "Total Acc": [
        0.7260018639328985,
        1073
    ],
    "Total Answer Reject Rate": [
        0.18528864059590316,
        1074
    ]
}