{
    "Total Acc": [
        0.6821229050279329,
        1074
    ],
    "Total Answer Reject Rate": [
        0.09217877094972067,
        1074
    ]
}