{
    "Total Acc": [
        0.21713221601489757,
        1074
    ],
    "Total Answer Reject Rate": [
        0.15549348230912477,
        1074
    ]
}