{
    "Total Acc": [
        0.7397567820392891,
        1069
    ],
    "Total Answer Reject Rate": [
        0.1378026070763501,
        1074
    ]
}