{
    "Total Acc": [
        0.6805219012115564,
        1073
    ],
    "Total Answer Reject Rate": [
        0.11080074487895716,
        1074
    ]
}