{
    "Total Acc": [
        0.5540037243947858,
        1074
    ],
    "Total Answer Reject Rate": [
        0.11080074487895716,
        1074
    ]
}