{
    "Total Acc": [
        0.5288640595903166,
        1074
    ],
    "Total Answer Reject Rate": [
        0.25139664804469275,
        1074
    ]
}