{
    "Total Acc": [
        0.5871508379888268,
        1074
    ],
    "Total Answer Reject Rate": [
        0.26908752327746743,
        1074
    ]
}