{
    "Total Acc": [
        0.5906803355079218,
        1073
    ],
    "Total Answer Reject Rate": [
        0.25512104283054005,
        1074
    ]
}