{
    "Total Acc": [
        0.7135387488328665,
        1071
    ],
    "Total Answer Reject Rate": [
        0.10893854748603352,
        1074
    ]
}