{
    "Total Acc": [
        0.5106145251396648,
        1074
    ],
    "Total Answer Reject Rate": [
        0.11359404096834265,
        1074
    ]
}