{
    "Total Acc": [
        0.49439252336448597,
        1070
    ],
    "Total Answer Reject Rate": [
        0.1303538175046555,
        1074
    ]
}