{
    "Total Acc": [
        0.3728119180633147,
        1074
    ],
    "Total Answer Reject Rate": [
        0.14059590316573556,
        1074
    ]
}