{
    "Total Acc": [
        0.6311858076563959,
        1071
    ],
    "Total Answer Reject Rate": [
        0.09590316573556797,
        1074
    ]
}