{
    "Total Acc": [
        0.7408582089552239,
        1072
    ],
    "Total Answer Reject Rate": [
        0.1610800744878957,
        1074
    ]
}