{
    "Total Acc": [
        0.3957169459962756,
        1074
    ],
    "Total Answer Reject Rate": [
        0.31098696461824954,
        1074
    ]
}