{
    "Total Acc": [
        0.3398510242085661,
        1074
    ],
    "Total Answer Reject Rate": [
        0.4208566108007449,
        1074
    ]
}