{
    "Total Acc": [
        0.6020522388059701,
        1072
    ],
    "Total Answer Reject Rate": [
        0.2169459962756052,
        1074
    ]
}