{
    "Total Acc": [
        0.6205607476635514,
        1070
    ],
    "Total Answer Reject Rate": [
        0.16294227188081936,
        1074
    ]
}