{
    "Total Acc": [
        0.41979264844486336,
        1061
    ],
    "Total Answer Reject Rate": [
        0.2811918063314711,
        1074
    ]
}