{
    "Total Acc": [
        0.7397949673811742,
        1073
    ],
    "Total Answer Reject Rate": [
        0.15363128491620112,
        1074
    ]
}