{
    "Total Acc": [
        0.7369402985074627,
        1072
    ],
    "Total Answer Reject Rate": [
        0.13687150837988826,
        1074
    ]
}