{
    "Total Acc": [
        0.3830540037243948,
        1074
    ],
    "Total Answer Reject Rate": [
        0.33426443202979517,
        1074
    ]
}