{
    "Total Acc": [
        0.24059590316573556,
        1074
    ],
    "Total Answer Reject Rate": [
        0.41899441340782123,
        1074
    ]
}