{
    "Total Acc": [
        0.6847014925373134,
        1072
    ],
    "Total Answer Reject Rate": [
        0.18342644320297952,
        1074
    ]
}