{
    "Total Acc": [
        0.7340782122905027,
        1074
    ],
    "Total Answer Reject Rate": [
        0.09124767225325885,
        1074
    ]
}