{
    "Total Acc": [
        0.7079217148182665,
        1073
    ],
    "Total Answer Reject Rate": [
        0.23370577281191807,
        1074
    ]
}