{
    "Total Acc": [
        0.6256983240223464,
        1074
    ],
    "Total Answer Reject Rate": [
        0.0931098696461825,
        1074
    ]
}