{
    "Total Acc": [
        0.702048417132216,
        1074
    ],
    "Total Answer Reject Rate": [
        0.07728119180633147,
        1074
    ]
}