{
    "Total Acc": [
        0.7126865671641791,
        1072
    ],
    "Total Answer Reject Rate": [
        0.12756052141527002,
        1074
    ]
}