{
    "Total Acc": [
        0.7310280373831776,
        1070
    ],
    "Total Answer Reject Rate": [
        0.14711359404096835,
        1074
    ]
}