{
    "Total Acc": [
        0.5850746268656717,
        1072
    ],
    "Total Answer Reject Rate": [
        0.26629422718808193,
        1074
    ]
}