{
    "Total Acc": [
        0.25965250965250963,
        1036
    ],
    "Total Answer Reject Rate": [
        0.32774674115456237,
        1074
    ]
}