{
    "Total Acc": [
        0.17800559179869524,
        1073
    ],
    "Total Answer Reject Rate": [
        0.47392923649906893,
        1074
    ]
}