{
    "Total Acc": [
        0.7213420316868593,
        1073
    ],
    "Total Answer Reject Rate": [
        0.18901303538175046,
        1074
    ]
}