{
    "Total Acc": [
        0.34003724394785845,
        1074
    ],
    "Total Answer Reject Rate": [
        0.17411545623836128,
        1074
    ]
}