{
    "Total Acc": [
        0.7094972067039106,
        1074
    ],
    "Total Answer Reject Rate": [
        0.11452513966480447,
        1074
    ]
}