{
    "Total Acc": [
        0.7334575955265611,
        1073
    ],
    "Total Answer Reject Rate": [
        0.12104283054003724,
        1074
    ]
}