{
    "Total Acc": [
        0.7571295433364399,
        1073
    ],
    "Total Answer Reject Rate": [
        0.08845437616387337,
        1074
    ]
}