{
    "Total Acc": [
        0.7153774464119291,
        1073
    ],
    "Total Answer Reject Rate": [
        0.11266294227188083,
        1074
    ]
}