{
    "Total Acc": [
        0.37467411545623835,
        1074
    ],
    "Total Answer Reject Rate": [
        0.37988826815642457,
        1074
    ]
}