{
    "Total Acc": [
        0.7293569431500466,
        1073
    ],
    "Total Answer Reject Rate": [
        0.19925512104283055,
        1074
    ]
}