{
    "Total Acc": [
        0.3396648044692737,
        1074
    ],
    "Total Answer Reject Rate": [
        0.15735567970204842,
        1074
    ]
}