{
    "Total Acc": [
        0.7293569431500466,
        1073
    ],
    "Total Answer Reject Rate": [
        0.16666666666666666,
        1074
    ]
}