{
    "Total Acc": [
        0.7904045155221072,
        1063
    ],
    "Total Answer Reject Rate": [
        0.027001862197392923,
        1074
    ]
}