{
    "Total Acc": [
        0.45214953271028036,
        1070
    ],
    "Total Answer Reject Rate": [
        0.020484171322160148,
        1074
    ]
}