{
    "Total Acc": [
        0.8232774674115456,
        1074
    ],
    "Total Answer Reject Rate": [
        0.07169459962756052,
        1074
    ]
}