{
    "Total Acc": [
        0.1690587138863001,
        1073
    ],
    "Total Answer Reject Rate": [
        0.2132216014897579,
        1074
    ]
}