{
    "Total Acc": [
        0.8117427772600186,
        1073
    ],
    "Total Answer Reject Rate": [
        0.0297951582867784,
        1074
    ]
}