{
    "Total Acc": [
        0.6707635009310987,
        1074
    ],
    "Total Answer Reject Rate": [
        0.0595903165735568,
        1074
    ]
}