{
    "Total Acc": [
        0.645479962721342,
        1073
    ],
    "Total Answer Reject Rate": [
        0.09124767225325885,
        1074
    ]
}