{
    "Total Acc": [
        0.31164958061509784,
        1073
    ],
    "Total Answer Reject Rate": [
        0.15176908752327747,
        1074
    ]
}