{
    "Total Acc": [
        0.8052141527001863,
        1074
    ],
    "Total Answer Reject Rate": [
        0.061452513966480445,
        1074
    ]
}