{
    "Total Acc": [
        0.7670083876980429,
        1073
    ],
    "Total Answer Reject Rate": [
        0.0931098696461825,
        1074
    ]
}