{
    "Total Acc": [
        0.7078212290502793,
        1074
    ],
    "Total Answer Reject Rate": [
        0.10521415270018622,
        1074
    ]
}