{
    "Total Acc": [
        0.7422180801491146,
        1073
    ],
    "Total Answer Reject Rate": [
        0.0931098696461825,
        1074
    ]
}