{
    "Total Acc": [
        0.6065176908752328,
        1074
    ],
    "Total Answer Reject Rate": [
        0.025139664804469275,
        1074
    ]
}