{
    "Total Acc": [
        0.8605778191985088,
        1073
    ],
    "Total Answer Reject Rate": [
        0.035381750465549346,
        1074
    ]
}