{
    "Total Acc": [
        0.8545623836126629,
        1074
    ],
    "Total Answer Reject Rate": [
        0.08379888268156424,
        1074
    ]
}