{
    "Total Acc": [
        0.8320596458527493,
        1073
    ],
    "Total Answer Reject Rate": [
        0.06797020484171322,
        1074
    ]
}