{
    "Total Acc": [
        0.7056849953401677,
        1073
    ],
    "Total Answer Reject Rate": [
        0.017690875232774673,
        1074
    ]
}