{
    "Total Acc": [
        0.8518173345759553,
        1073
    ],
    "Total Answer Reject Rate": [
        0.054003724394785846,
        1074
    ]
}