{
    "Total Acc": [
        0.8024208566108008,
        1074
    ],
    "Total Answer Reject Rate": [
        0.024208566108007448,
        1074
    ]
}