{
    "Total Acc": [
        0.8835041938490215,
        1073
    ],
    "Total Answer Reject Rate": [
        0.040968342644320296,
        1074
    ]
}