{
    "Total Acc": [
        0.5700186219739293,
        1074
    ],
    "Total Answer Reject Rate": [
        0.16666666666666666,
        1074
    ]
}