{
    "Total Acc": [
        0.14171322160148975,
        1074
    ],
    "Total Answer Reject Rate": [
        0.6843575418994413,
        1074
    ]
}