{
    "Total Acc": [
        0.2186219739292365,
        1074
    ],
    "Total Answer Reject Rate": [
        0.09683426443202979,
        1074
    ]
}