{
    "Total Acc": [
        0.5309124767225326,
        1074
    ],
    "Total Answer Reject Rate": [
        0.15363128491620112,
        1074
    ]
}