{
    "Total Acc": [
        0.5456238361266295,
        1074
    ],
    "Total Answer Reject Rate": [
        0.16387337057728119,
        1074
    ]
}