{
    "Total Acc": [
        0.5536312849162012,
        1074
    ],
    "Total Answer Reject Rate": [
        0.09217877094972067,
        1074
    ]
}