{
    "Total Acc": [
        0.4143389199255121,
        1074
    ],
    "Total Answer Reject Rate": [
        0.15735567970204842,
        1074
    ]
}