{
    "Total Acc": [
        0.5614525139664804,
        1074
    ],
    "Total Answer Reject Rate": [
        0.15921787709497207,
        1074
    ]
}