{
    "Total Acc": [
        0.49273743016759775,
        1074
    ],
    "Total Answer Reject Rate": [
        0.16759776536312848,
        1074
    ]
}