{
    "Total Acc": [
        0.5581005586592179,
        1074
    ],
    "Total Answer Reject Rate": [
        0.06797020484171322,
        1074
    ]
}