{
    "Total Acc": [
        0.5655493482309125,
        1074
    ],
    "Total Answer Reject Rate": [
        0.0782122905027933,
        1074
    ]
}