{
    "Total Acc": [
        0.5054003724394786,
        1074
    ],
    "Total Answer Reject Rate": [
        0.07169459962756052,
        1074
    ]
}