{
    "Total Acc": [
        0.1633147113594041,
        1074
    ],
    "Total Answer Reject Rate": [
        0.6815642458100558,
        1074
    ]
}