{
    "Total Acc": [
        0.20335195530726258,
        1074
    ],
    "Total Answer Reject Rate": [
        0.6675977653631285,
        1074
    ]
}